GUNGU,NAME,year,month,korean,foreigner
종로구,경복궁,2015,1,196594,108087
종로구,경복궁,2015,2,264154,154280
종로구,경복궁,2015,3,272022,114092
종로구,경복궁,2015,4,406906,209980
종로구,경복궁,2015,5,485936,185212
종로구,경복궁,2015,6,155024,31822
종로구,경복궁,2015,7,140930,78117
종로구,경복궁,2015,8,265302,126031
종로구,경복궁,2015,9,387816,145280
종로구,경복궁,2015,10,403641,203207
종로구,경복궁,2015,11,219760,188000
종로구,경복궁,2015,12,148961,170379
종로구,경복궁,2016,1,144022,193821
종로구,경복궁,2016,2,161100,206161
종로구,경복궁,2016,3,167966,222231
종로구,경복궁,2016,4,340944,321801
종로구,경복궁,2016,5,378455,303498
종로구,경복궁,2016,6,263435,276101
종로구,경복궁,2016,7,220865,352717
종로구,경복궁,2016,8,225335,283115
종로구,경복궁,2016,9,360920,211357
종로구,경복궁,2016,10,512873,236910
종로구,경복궁,2016,11,194951,148113
종로구,경복궁,2016,12,151317,142110
종로구,경복궁,2017,1,165237,151625
종로구,경복궁,2017,2,155014,139457
종로구,경복궁,2017,3,165143,100061
종로구,경복궁,2017,4,351637,124811
종로구,경복궁,2017,5,355030,83321
종로구,경복궁,2017,6,175296,81119
종로구,경복궁,2017,7,184033,69373
종로구,경복궁,2017,8,236717,61121
종로구,경복궁,2017,9,308138,68142
종로구,경복궁,2017,10,850481,151735
종로구,경복궁,2017,11,225334,65577
종로구,경복궁,2017,12,164611,71979
종로구,경복궁,2018,1,124211,40684
종로구,경복궁,2018,2,197756,80773
종로구,경복궁,2018,3,220494,77248
종로구,경복궁,2018,4,341280,97644
종로구,경복궁,2018,5,407217,69268
종로구,경복궁,2018,6,279530,89976
종로구,경복궁,2018,7,200582,80522
종로구,경복궁,2018,8,198930,74322
종로구,경복궁,2018,9,528333,114309
종로구,경복궁,2018,10,434708,107233
종로구,경복궁,2018,11,290439,95800
종로구,경복궁,2018,12,201767,94545
종로구,경복궁,2019,1,169113,54374
종로구,경복궁,2019,2,263784,109846
종로구,경복궁,2019,3,233317,129009
종로구,경복궁,2019,4,387075,163903
종로구,경복궁,2019,5,449268,124746
종로구,경복궁,2019,6,321317,118578
종로구,경복궁,2019,7,264643,96569
종로구,경복궁,2019,8,260658,184321
종로구,경복궁,2019,9,494024,175337
종로구,경복궁,2019,10,464290,118553
종로구,경복궁,2019,11,327614,96761
종로구,경복궁,2019,12,239734,99912
종로구,경복궁,2020,1,267634,120350
종로구,경복궁,2020,2,81330,20639
종로구,경복궁,2020,3,32030,1431
종로구,경복궁,2020,4,0,0
종로구,경복궁,2020,5,0,0
종로구,경복궁,2020,6,0,0
종로구,종묘,2015,1,9854,3112
종로구,종묘,2015,2,15102,4171
종로구,종묘,2015,3,10717,5525
종로구,종묘,2015,4,16470,5290
종로구,종묘,2015,5,52123,8860
종로구,종묘,2015,6,6964,2832
종로구,종묘,2015,7,15124,2927
종로구,종묘,2015,8,17971,3594
종로구,종묘,2015,9,16808,4506
종로구,종묘,2015,10,21238,5519
종로구,종묘,2015,11,24921,4763
종로구,종묘,2015,12,14936,3406
종로구,종묘,2016,1,12436,2902
종로구,종묘,2016,2,13656,3829
종로구,종묘,2016,3,13348,5566
종로구,종묘,2016,4,23723,5823
종로구,종묘,2016,5,73644,10762
종로구,종묘,2016,6,15950,5564
종로구,종묘,2016,7,12620,6164
종로구,종묘,2016,8,12237,6094
종로구,종묘,2016,9,23920,8185
종로구,종묘,2016,10,24122,8813
종로구,종묘,2016,11,16678,6887
종로구,종묘,2016,12,11575,4905
종로구,종묘,2017,1,12773,3675
종로구,종묘,2017,2,9809,3104
종로구,종묘,2017,3,15581,5818
종로구,종묘,2017,4,21154,5998
종로구,종묘,2017,5,70624,6523
종로구,종묘,2017,6,55822,4557
종로구,종묘,2017,7,23562,4441
종로구,종묘,2017,8,14949,4615
종로구,종묘,2017,9,19147,5338
종로구,종묘,2017,10,70083,6850
종로구,종묘,2017,11,27018,4588
종로구,종묘,2017,12,16090,3077
종로구,종묘,2018,1,12633,2450
종로구,종묘,2018,2,17955,3325
종로구,종묘,2018,3,19286,5303
종로구,종묘,2018,4,21873,5903
종로구,종묘,2018,5,47178,7145
종로구,종묘,2018,6,17364,5848
종로구,종묘,2018,7,9292,5146
종로구,종묘,2018,8,32713,7317
종로구,종묘,2018,9,71377,5215
종로구,종묘,2018,10,50839,8184
종로구,종묘,2018,11,64956,6556
종로구,종묘,2018,12,45469,4301
종로구,종묘,2019,1,36179,3547
종로구,종묘,2019,2,40624,2355
종로구,종묘,2019,3,32188,6271
종로구,종묘,2019,4,33694,7126
종로구,종묘,2019,5,53558,7408
종로구,종묘,2019,6,26297,6358
종로구,종묘,2019,7,15405,5354
종로구,종묘,2019,8,29250,2655
종로구,종묘,2019,9,12956,4932
종로구,종묘,2019,10,30737,6252
종로구,종묘,2019,11,44043,5009
종로구,종묘,2019,12,34711,3489
종로구,종묘,2020,1,25863,2689
종로구,종묘,2020,2,9867,2779
종로구,종묘,2020,3,11375,457
종로구,종묘,2020,4,0,0
종로구,종묘,2020,5,0,0
종로구,종묘,2020,6,0,0
종로구,창경궁,2015,1,24256,1326
종로구,창경궁,2015,2,51984,1487
종로구,창경궁,2015,3,111070,5526
종로구,창경궁,2015,4,82310,5862
종로구,창경궁,2015,5,107728,5453
종로구,창경궁,2015,6,19369,1890
종로구,창경궁,2015,7,64166,4676
종로구,창경궁,2015,8,90527,3054
종로구,창경궁,2015,9,54612,3503
종로구,창경궁,2015,10,113075,3936
종로구,창경궁,2015,11,61218,3106
종로구,창경궁,2015,12,27172,1783
종로구,창경궁,2016,1,22043,1696
종로구,창경궁,2016,2,31323,1626
종로구,창경궁,2016,3,104094,3310
종로구,창경궁,2016,4,97302,7017
종로구,창경궁,2016,5,153328,5519
종로구,창경궁,2016,6,45270,3364
종로구,창경궁,2016,7,54844,3931
종로구,창경궁,2016,8,57004,3270
종로구,창경궁,2016,9,78110,5496
종로구,창경궁,2016,10,121351,5468
종로구,창경궁,2016,11,60322,5605
종로구,창경궁,2016,12,20397,3447
종로구,창경궁,2017,1,24650,2934
종로구,창경궁,2017,2,22077,2111
종로구,창경궁,2017,3,37464,3935
종로구,창경궁,2017,4,118778,11088
종로구,창경궁,2017,5,96047,3568
종로구,창경궁,2017,6,53251,3348
종로구,창경궁,2017,7,49725,3877
종로구,창경궁,2017,8,40567,4942
종로구,창경궁,2017,9,43801,4513
종로구,창경궁,2017,10,192578,15164
종로구,창경궁,2017,11,67841,5307
종로구,창경궁,2017,12,25287,3119
종로구,창경궁,2018,1,18188,2108
종로구,창경궁,2018,2,45001,4782
종로구,창경궁,2018,3,42008,6114
종로구,창경궁,2018,4,81847,11766
종로구,창경궁,2018,5,97549,6737
종로구,창경궁,2018,6,49852,5929
종로구,창경궁,2018,7,22117,5336
종로구,창경궁,2018,8,21776,5467
종로구,창경궁,2018,9,126902,9078
종로구,창경궁,2018,10,93826,8585
종로구,창경궁,2018,11,70895,7234
종로구,창경궁,2018,12,20647,3702
종로구,창경궁,2019,1,32591,3190
종로구,창경궁,2019,2,68948,4668
종로구,창경궁,2019,3,54559,6192
종로구,창경궁,2019,4,100571,13066
종로구,창경궁,2019,5,94260,7732
종로구,창경궁,2019,6,52225,6524
종로구,창경궁,2019,7,30092,6626
종로구,창경궁,2019,8,55413,12070
종로구,창경궁,2019,9,88586,10446
종로구,창경궁,2019,10,92701,10879
종로구,창경궁,2019,11,85831,8070
종로구,창경궁,2019,12,24830,4254
종로구,창경궁,2020,1,41603,4517
종로구,창경궁,2020,2,12901,2160
종로구,창경궁,2020,3,26930,393
종로구,창경궁,2020,4,0,0
종로구,창경궁,2020,5,0,0
종로구,창경궁,2020,6,0,0
종로구,창덕궁,2015,1,49390,23453
종로구,창덕궁,2015,2,58745,26439
종로구,창덕궁,2015,3,63273,34770
종로구,창덕궁,2015,4,140398,45325
종로구,창덕궁,2015,5,187128,41644
종로구,창덕궁,2015,6,39425,20021
종로구,창덕궁,2015,7,109725,24274
종로구,창덕궁,2015,8,102114,25283
종로구,창덕궁,2015,9,100310,36438
종로구,창덕궁,2015,10,189933,49946
종로구,창덕궁,2015,11,126038,44845
종로구,창덕궁,2015,12,59738,33342
종로구,창덕궁,2016,1,49472,24620
종로구,창덕궁,2016,2,62740,27301
종로구,창덕궁,2016,3,77620,43066
종로구,창덕궁,2016,4,186302,52324
종로구,창덕궁,2016,5,181421,52772
종로구,창덕궁,2016,6,95232,44328
종로구,창덕궁,2016,7,56511,41816
종로구,창덕궁,2016,8,59729,40729
종로구,창덕궁,2016,9,140097,43682
종로구,창덕궁,2016,10,182621,66671
종로구,창덕궁,2016,11,143481,55860
종로구,창덕궁,2016,12,52082,39559
종로구,창덕궁,2017,1,56789,38179
종로구,창덕궁,2017,2,50218,27363
종로구,창덕궁,2017,3,72277,37970
종로구,창덕궁,2017,4,168988,48050
종로구,창덕궁,2017,5,146783,33890
종로구,창덕궁,2017,6,80358,27162
종로구,창덕궁,2017,7,52737,28603
종로구,창덕궁,2017,8,65016,29942
종로구,창덕궁,2017,9,99431,36557
종로구,창덕궁,2017,10,347108,69877
종로구,창덕궁,2017,11,155092,45898
종로구,창덕궁,2017,12,55675,29071
종로구,창덕궁,2018,1,40648,19787
종로구,창덕궁,2018,2,68181,30122
종로구,창덕궁,2018,3,70020,45158
종로구,창덕궁,2018,4,133555,67740
종로구,창덕궁,2018,5,128136,63556
종로구,창덕궁,2018,6,68627,44138
종로구,창덕궁,2018,7,33991,37657
종로구,창덕궁,2018,8,36869,38216
종로구,창덕궁,2018,9,164660,58467
종로구,창덕궁,2018,10,162503,81125
종로구,창덕궁,2018,11,129743,67698
종로구,창덕궁,2018,12,38884,35211
종로구,창덕궁,2019,1,38405,25323
종로구,창덕궁,2019,2,78028,29064
종로구,창덕궁,2019,3,74191,43612
종로구,창덕궁,2019,4,130386,71209
종로구,창덕궁,2019,5,143546,51539
종로구,창덕궁,2019,6,83135,39865
종로구,창덕궁,2019,7,48693,35995
종로구,창덕궁,2019,8,70899,52126
종로구,창덕궁,2019,9,159379,52438
종로구,창덕궁,2019,10,195038,63372
종로구,창덕궁,2019,11,162858,51600
종로구,창덕궁,2019,12,53852,30505
종로구,창덕궁,2020,1,71929,27206
종로구,창덕궁,2020,2,17180,13628
종로구,창덕궁,2020,3,29231,1344
종로구,창덕궁,2020,4,0,0
종로구,창덕궁,2020,5,0,0
종로구,창덕궁,2020,6,0,0
중구,남산골한옥마을,2015,1,53893,31842
중구,남산골한옥마을,2015,2,86532,32916
중구,남산골한옥마을,2015,3,82641,33989
중구,남산골한옥마을,2015,4,122688,58245
중구,남산골한옥마을,2015,5,117960,61349
중구,남산골한옥마을,2015,6,52772,15114
중구,남산골한옥마을,2015,7,52673,6934
중구,남산골한옥마을,2015,8,69429,19596
중구,남산골한옥마을,2015,9,115994,25095
중구,남산골한옥마을,2015,10,109098,32890
중구,남산골한옥마을,2015,11,69360,32999
중구,남산골한옥마을,2015,12,49898,25450
중구,남산골한옥마을,2016,1,41656,23970
중구,남산골한옥마을,2016,2,65867,25686
중구,남산골한옥마을,2016,3,62225,37310
중구,남산골한옥마을,2016,4,107727,52388
중구,남산골한옥마을,2016,5,102595,39783
중구,남산골한옥마을,2016,6,76501,38540
중구,남산골한옥마을,2016,7,64408,42855
중구,남산골한옥마을,2016,8,50222,34916
중구,남산골한옥마을,2016,9,95258,26995
중구,남산골한옥마을,2016,10,114247,30247
중구,남산골한옥마을,2016,11,61868,21914
중구,남산골한옥마을,2016,12,43800,21862
중구,남산골한옥마을,2017,1,44580,16093
중구,남산골한옥마을,2017,2,52138,19617
중구,남산골한옥마을,2017,3,59487,12690
중구,남산골한옥마을,2017,4,97634,13493
중구,남산골한옥마을,2017,5,91142,8962
중구,남산골한옥마을,2017,6,68128,10450
중구,남산골한옥마을,2017,7,50425,10708
중구,남산골한옥마을,2017,8,82899,9739
중구,남산골한옥마을,2017,9,140707,8663
중구,남산골한옥마을,2017,10,179913,11815
중구,남산골한옥마을,2017,11,89956,9741
중구,남산골한옥마을,2017,12,63438,11577
중구,남산골한옥마을,2018,1,50485,5866
중구,남산골한옥마을,2018,2,73675,9925
중구,남산골한옥마을,2018,3,98111,10981
중구,남산골한옥마을,2018,4,137384,15626
중구,남산골한옥마을,2018,5,147457,12551
중구,남산골한옥마을,2018,6,107161,14920
중구,남산골한옥마을,2018,7,59624,16116
중구,남산골한옥마을,2018,8,57435,12698
중구,남산골한옥마을,2018,9,188897,14942
중구,남산골한옥마을,2018,10,169039,17721
중구,남산골한옥마을,2018,11,108672,17471
중구,남산골한옥마을,2018,12,70399,14581
중구,남산골한옥마을,2019,1,64666,10076
중구,남산골한옥마을,2019,2,84249,9719
중구,남산골한옥마을,2019,3,91944,13711
중구,남산골한옥마을,2019,4,156504,21015
중구,남산골한옥마을,2019,5,155493,16435
중구,남산골한옥마을,2019,6,117601,15115
중구,남산골한옥마을,2019,7,75664,13660
중구,남산골한옥마을,2019,8,73788,11255
중구,남산골한옥마을,2019,9,142530,11396
중구,남산골한옥마을,2019,10,163316,15533
중구,남산골한옥마을,2019,11,125777,11347
중구,남산골한옥마을,2019,12,68460,9941
중구,남산골한옥마을,2020,1,77341,10128
중구,남산골한옥마을,2020,2,45994,3641
중구,남산골한옥마을,2020,3,60675,423
중구,남산골한옥마을,2020,4,0,0
중구,남산골한옥마을,2020,5,0,0
중구,남산골한옥마을,2020,6,0,0
중구,덕수궁,2015,1,54159,8989
중구,덕수궁,2015,2,62541,11984
중구,덕수궁,2015,3,55316,15227
중구,덕수궁,2015,4,100979,19304
중구,덕수궁,2015,5,130874,20133
중구,덕수궁,2015,6,55601,7547
중구,덕수궁,2015,7,94828,8478
중구,덕수궁,2015,8,112969,12221
중구,덕수궁,2015,9,109837,18105
중구,덕수궁,2015,10,144902,21610
중구,덕수궁,2015,11,117633,19798
중구,덕수궁,2015,12,68749,15197
중구,덕수궁,2016,1,54352,12205
중구,덕수궁,2016,2,53244,15928
중구,덕수궁,2016,3,69020,16132
중구,덕수궁,2016,4,118061,28939
중구,덕수궁,2016,5,161461,24465
중구,덕수궁,2016,6,122701,26998
중구,덕수궁,2016,7,106114,27566
중구,덕수궁,2016,8,105984,24396
중구,덕수궁,2016,9,172717,25843
중구,덕수궁,2016,10,150871,29549
중구,덕수궁,2016,11,101022,25262
중구,덕수궁,2016,12,52797,20499
중구,덕수궁,2017,1,69402,19392
중구,덕수궁,2017,2,67840,23012
중구,덕수궁,2017,3,68205,31189
중구,덕수궁,2017,4,120740,36466
중구,덕수궁,2017,5,144608,24640
중구,덕수궁,2017,6,87020,21038
중구,덕수궁,2017,7,65982,22107
중구,덕수궁,2017,8,76731,22505
중구,덕수궁,2017,9,133620,23578
중구,덕수궁,2017,10,493927,47478
중구,덕수궁,2017,11,121730,29507
중구,덕수궁,2017,12,72244,26843
중구,덕수궁,2018,1,64456,20157
중구,덕수궁,2018,2,71009,29192
중구,덕수궁,2018,3,100321,29393
중구,덕수궁,2018,4,110981,33346
중구,덕수궁,2018,5,161723,29078
중구,덕수궁,2018,6,96296,27801
중구,덕수궁,2018,7,62863,22785
중구,덕수궁,2018,8,69297,23452
중구,덕수궁,2018,9,184077,26530
중구,덕수궁,2018,10,179495,38685
중구,덕수궁,2018,11,141650,37717
중구,덕수궁,2018,12,129213,26817
중구,덕수궁,2019,1,109930,20602
중구,덕수궁,2019,2,123757,23623
중구,덕수궁,2019,3,143929,30064
중구,덕수궁,2019,4,199321,43007
중구,덕수궁,2019,5,246336,32004
중구,덕수궁,2019,6,170424,26726
중구,덕수궁,2019,7,104458,24981
중구,덕수궁,2019,8,149905,34356
중구,덕수궁,2019,9,181790,28923
중구,덕수궁,2019,10,280107,41581
중구,덕수궁,2019,11,222529,36850
중구,덕수궁,2019,12,112314,26079
중구,덕수궁,2020,1,108594,30465
중구,덕수궁,2020,2,48028,10700
중구,덕수궁,2020,3,65880,1063
중구,덕수궁,2020,4,0,0
중구,덕수궁,2020,5,0,0
중구,덕수궁,2020,6,0,0
중구,서울시립미술관 본관,2015,1,80895,1770
중구,서울시립미술관 본관,2015,2,28767,896
중구,서울시립미술관 본관,2015,3,46487,1748
중구,서울시립미술관 본관,2015,4,47290,1804
중구,서울시립미술관 본관,2015,5,67999,2139
중구,서울시립미술관 본관,2015,6,30575,1844
중구,서울시립미술관 본관,2015,7,42171,2513
중구,서울시립미술관 본관,2015,8,105943,4081
중구,서울시립미술관 본관,2015,9,50170,3029
중구,서울시립미술관 본관,2015,10,91148,3142
중구,서울시립미술관 본관,2015,11,84552,3004
중구,서울시립미술관 본관,2015,12,45545,1556
중구,서울시립미술관 본관,2016,1,50885,1808
중구,서울시립미술관 본관,2016,2,62976,2475
중구,서울시립미술관 본관,2016,3,63928,2284
중구,서울시립미술관 본관,2016,4,57556,2200
중구,서울시립미술관 본관,2016,5,139123,4042
중구,서울시립미술관 본관,2016,6,112785,2503
중구,서울시립미술관 본관,2016,7,110604,4684
중구,서울시립미술관 본관,2016,8,162446,2428
중구,서울시립미술관 본관,2016,9,103916,3358
중구,서울시립미술관 본관,2016,10,82470,4321
중구,서울시립미술관 본관,2016,11,53029,2578
중구,서울시립미술관 본관,2016,12,50147,2148
중구,서울시립미술관 본관,2017,1,77496,1878
중구,서울시립미술관 본관,2017,2,76071,1782
중구,서울시립미술관 본관,2017,3,83788,2571
중구,서울시립미술관 본관,2017,4,60072,2970
중구,서울시립미술관 본관,2017,5,53506,2022
중구,서울시립미술관 본관,2017,6,155405,3399
중구,서울시립미술관 본관,2017,7,191982,5436
중구,서울시립미술관 본관,2017,8,168860,4165
중구,서울시립미술관 본관,2017,9,57779,4500
중구,서울시립미술관 본관,2017,10,169585,6482
중구,서울시립미술관 본관,2017,11,107428,2722
중구,서울시립미술관 본관,2017,12,142238,3072
중구,서울시립미술관 본관,2018,1,85495,1960
중구,서울시립미술관 본관,2018,2,71670,1922
중구,서울시립미술관 본관,2018,3,68382,256
중구,서울시립미술관 본관,2018,4,104744,1964
중구,서울시립미술관 본관,2018,5,178227,6291
중구,서울시립미술관 본관,2018,6,135666,3170
중구,서울시립미술관 본관,2018,7,137954,4974
중구,서울시립미술관 본관,2018,8,159112,3857
중구,서울시립미술관 본관,2018,9,110687,2729
중구,서울시립미술관 본관,2018,10,93147,3166
중구,서울시립미술관 본관,2018,11,92200,2204
중구,서울시립미술관 본관,2018,12,97456,1916
중구,서울시립미술관 본관,2019,1,106456,2544
중구,서울시립미술관 본관,2019,2,94846,2427
중구,서울시립미술관 본관,2019,3,118287,1928
중구,서울시립미술관 본관,2019,4,150643,3954
중구,서울시립미술관 본관,2019,5,189652,4610
중구,서울시립미술관 본관,2019,6,142873,4105
중구,서울시립미술관 본관,2019,7,319251,6067
중구,서울시립미술관 본관,2019,8,273904,5089
중구,서울시립미술관 본관,2019,9,130096,4450
중구,서울시립미술관 본관,2019,10,123357,3724
중구,서울시립미술관 본관,2019,11,57786,1705
중구,서울시립미술관 본관,2019,12,97041,3408
중구,서울시립미술관 본관,2020,1,103048,3256
중구,서울시립미술관 본관,2020,2,52894,1903
중구,서울시립미술관 본관,2020,3,0,0
중구,서울시립미술관 본관,2020,4,0,0
중구,서울시립미술관 본관,2020,5,0,0
중구,서울시립미술관 본관,2020,6,0,0
용산구,국립중앙박물관,2015,1,339073,6513
용산구,국립중앙박물관,2015,2,214923,6783
용산구,국립중앙박물관,2015,3,165430,9463
용산구,국립중앙박물관,2015,4,205569,11073
용산구,국립중앙박물관,2015,5,260240,10250
용산구,국립중앙박물관,2015,6,86464,6992
용산구,국립중앙박물관,2015,7,261826,9652
용산구,국립중앙박물관,2015,8,449973,10560
용산구,국립중앙박물관,2015,9,221311,13169
용산구,국립중앙박물관,2015,10,242371,17862
용산구,국립중앙박물관,2015,11,222495,14001
용산구,국립중앙박물관,2015,12,281457,13127
용산구,국립중앙박물관,2016,1,363327,14074
용산구,국립중앙박물관,2016,2,255070,16051
용산구,국립중앙박물관,2016,3,162000,18708
용산구,국립중앙박물관,2016,4,200794,17811
용산구,국립중앙박물관,2016,5,293244,12648
용산구,국립중앙박물관,2016,6,233800,15492
용산구,국립중앙박물관,2016,7,283826,20934
용산구,국립중앙박물관,2016,8,426347,20138
용산구,국립중앙박물관,2016,9,242191,12218
용산구,국립중앙박물관,2016,10,262585,14386
용산구,국립중앙박물관,2016,11,190929,11950
용산구,국립중앙박물관,2016,12,298297,9439
용산구,국립중앙박물관,2017,1,456498,7847
용산구,국립중앙박물관,2017,2,344705,7170
용산구,국립중앙박물관,2017,3,229109,11601
용산구,국립중앙박물관,2017,4,235668,11133
용산구,국립중앙박물관,2017,5,260195,8958
용산구,국립중앙박물관,2017,6,209942,9619
용산구,국립중앙박물관,2017,7,287348,12169
용산구,국립중앙박물관,2017,8,417934,10535
용산구,국립중앙박물관,2017,9,190075,7720
용산구,국립중앙박물관,2017,10,268676,9700
용산구,국립중앙박물관,2017,11,222719,7801
용산구,국립중앙박물관,2017,12,242135,7349
용산구,국립중앙박물관,2018,1,279500,6146
용산구,국립중앙박물관,2018,2,250174,7106
용산구,국립중앙박물관,2018,3,157178,8471
용산구,국립중앙박물관,2018,4,152146,12205
용산구,국립중앙박물관,2018,5,300711,11178
용산구,국립중앙박물관,2018,6,202170,10563
용산구,국립중앙박물관,2018,7,295363,15145
용산구,국립중앙박물관,2018,8,494328,13493
용산구,국립중앙박물관,2018,9,267912,10301
용산구,국립중앙박물관,2018,10,325753,14619
용산구,국립중앙박물관,2018,11,194097,9179
용산구,국립중앙박물관,2018,12,258904,7811
용산구,국립중앙박물관,2019,1,295344,7259
용산구,국립중앙박물관,2019,2,290328,7620
용산구,국립중앙박물관,2019,3,165737,8787
용산구,국립중앙박물관,2019,4,164391,12879
용산구,국립중앙박물관,2019,5,307561,13111
용산구,국립중앙박물관,2019,6,197532,11368
용산구,국립중앙박물관,2019,7,317321,16203
용산구,국립중앙박물관,2019,8,478483,14957
용산구,국립중앙박물관,2019,9,244301,12516
용산구,국립중앙박물관,2019,10,289342,16093
용산구,국립중앙박물관,2019,11,197011,9119
용산구,국립중앙박물관,2019,12,268274,8552
용산구,국립중앙박물관,2020,1,344966,9604
용산구,국립중앙박물관,2020,2,86570,4008
용산구,국립중앙박물관,2020,3,5,0
용산구,국립중앙박물관,2020,4,0,0
용산구,국립중앙박물관,2020,5,0,0
용산구,국립중앙박물관,2020,6,0,0
동대문구,서울약령시 한의약박물관,2015,1,0,0
동대문구,서울약령시 한의약박물관,2015,2,0,0
동대문구,서울약령시 한의약박물관,2015,3,0,0
동대문구,서울약령시 한의약박물관,2015,4,0,0
동대문구,서울약령시 한의약박물관,2015,5,0,0
동대문구,서울약령시 한의약박물관,2015,6,0,0
동대문구,서울약령시 한의약박물관,2015,7,0,0
동대문구,서울약령시 한의약박물관,2015,8,0,0
동대문구,서울약령시 한의약박물관,2015,9,0,0
동대문구,서울약령시 한의약박물관,2015,10,0,0
동대문구,서울약령시 한의약박물관,2015,11,0,0
동대문구,서울약령시 한의약박물관,2015,12,0,0
동대문구,서울약령시 한의약박물관,2016,1,0,0
동대문구,서울약령시 한의약박물관,2016,2,0,0
동대문구,서울약령시 한의약박물관,2016,3,0,0
동대문구,서울약령시 한의약박물관,2016,4,0,0
동대문구,서울약령시 한의약박물관,2016,5,0,0
동대문구,서울약령시 한의약박물관,2016,6,0,0
동대문구,서울약령시 한의약박물관,2016,7,0,0
동대문구,서울약령시 한의약박물관,2016,8,0,0
동대문구,서울약령시 한의약박물관,2016,9,0,0
동대문구,서울약령시 한의약박물관,2016,10,0,0
동대문구,서울약령시 한의약박물관,2016,11,0,0
동대문구,서울약령시 한의약박물관,2016,12,0,0
동대문구,서울약령시 한의약박물관,2017,1,0,0
동대문구,서울약령시 한의약박물관,2017,2,0,0
동대문구,서울약령시 한의약박물관,2017,3,0,0
동대문구,서울약령시 한의약박물관,2017,4,0,0
동대문구,서울약령시 한의약박물관,2017,5,0,0
동대문구,서울약령시 한의약박물관,2017,6,0,0
동대문구,서울약령시 한의약박물관,2017,7,0,0
동대문구,서울약령시 한의약박물관,2017,8,0,0
동대문구,서울약령시 한의약박물관,2017,9,0,0
동대문구,서울약령시 한의약박물관,2017,10,0,0
동대문구,서울약령시 한의약박물관,2017,11,0,0
동대문구,서울약령시 한의약박물관,2017,12,0,0
동대문구,서울약령시 한의약박물관,2018,1,1096,128
동대문구,서울약령시 한의약박물관,2018,2,1239,61
동대문구,서울약령시 한의약박물관,2018,3,1596,225
동대문구,서울약령시 한의약박물관,2018,4,1808,180
동대문구,서울약령시 한의약박물관,2018,5,3984,370
동대문구,서울약령시 한의약박물관,2018,6,6097,294
동대문구,서울약령시 한의약박물관,2018,7,4850,290
동대문구,서울약령시 한의약박물관,2018,8,3642,224
동대문구,서울약령시 한의약박물관,2018,9,5539,199
동대문구,서울약령시 한의약박물관,2018,10,39688,382
동대문구,서울약령시 한의약박물관,2018,11,4391,276
동대문구,서울약령시 한의약박물관,2018,12,3640,141
동대문구,서울약령시 한의약박물관,2019,1,3477,114
동대문구,서울약령시 한의약박물관,2019,2,3121,110
동대문구,서울약령시 한의약박물관,2019,3,4029,275
동대문구,서울약령시 한의약박물관,2019,4,3344,503
동대문구,서울약령시 한의약박물관,2019,5,15730,554
동대문구,서울약령시 한의약박물관,2019,6,12565,333
동대문구,서울약령시 한의약박물관,2019,7,3814,293
동대문구,서울약령시 한의약박물관,2019,8,4412,431
동대문구,서울약령시 한의약박물관,2019,9,3587,294
동대문구,서울약령시 한의약박물관,2019,10,12106,489
동대문구,서울약령시 한의약박물관,2019,11,5877,341
동대문구,서울약령시 한의약박물관,2019,12,4782,266
동대문구,서울약령시 한의약박물관,2020,1,0,0
동대문구,서울약령시 한의약박물관,2020,2,0,0
동대문구,서울약령시 한의약박물관,2020,3,0,0
동대문구,서울약령시 한의약박물관,2020,4,0,0
동대문구,서울약령시 한의약박물관,2020,5,0,0
동대문구,서울약령시 한의약박물관,2020,6,0,0
동대문구,세종대왕기념관,2015,1,0,0
동대문구,세종대왕기념관,2015,2,0,0
동대문구,세종대왕기념관,2015,3,0,0
동대문구,세종대왕기념관,2015,4,0,0
동대문구,세종대왕기념관,2015,5,0,0
동대문구,세종대왕기념관,2015,6,0,0
동대문구,세종대왕기념관,2015,7,0,0
동대문구,세종대왕기념관,2015,8,0,0
동대문구,세종대왕기념관,2015,9,0,0
동대문구,세종대왕기념관,2015,10,0,0
동대문구,세종대왕기념관,2015,11,0,0
동대문구,세종대왕기념관,2015,12,0,0
동대문구,세종대왕기념관,2016,1,0,0
동대문구,세종대왕기념관,2016,2,0,0
동대문구,세종대왕기념관,2016,3,0,0
동대문구,세종대왕기념관,2016,4,0,0
동대문구,세종대왕기념관,2016,5,0,0
동대문구,세종대왕기념관,2016,6,0,0
동대문구,세종대왕기념관,2016,7,0,0
동대문구,세종대왕기념관,2016,8,0,0
동대문구,세종대왕기념관,2016,9,0,0
동대문구,세종대왕기념관,2016,10,0,0
동대문구,세종대왕기념관,2016,11,0,0
동대문구,세종대왕기념관,2016,12,0,0
동대문구,세종대왕기념관,2017,1,0,0
동대문구,세종대왕기념관,2017,2,0,0
동대문구,세종대왕기념관,2017,3,0,0
동대문구,세종대왕기념관,2017,4,0,0
동대문구,세종대왕기념관,2017,5,0,0
동대문구,세종대왕기념관,2017,6,0,0
동대문구,세종대왕기념관,2017,7,0,0
동대문구,세종대왕기념관,2017,8,0,0
동대문구,세종대왕기념관,2017,9,0,0
동대문구,세종대왕기념관,2017,10,0,0
동대문구,세종대왕기념관,2017,11,0,0
동대문구,세종대왕기념관,2017,12,0,0
동대문구,세종대왕기념관,2018,1,213,0
동대문구,세종대왕기념관,2018,2,93,0
동대문구,세종대왕기념관,2018,3,359,0
동대문구,세종대왕기념관,2018,4,507,0
동대문구,세종대왕기념관,2018,5,888,0
동대문구,세종대왕기념관,2018,6,647,0
동대문구,세종대왕기념관,2018,7,226,0
동대문구,세종대왕기념관,2018,8,497,0
동대문구,세종대왕기념관,2018,9,1021,0
동대문구,세종대왕기념관,2018,10,1170,0
동대문구,세종대왕기념관,2018,11,553,0
동대문구,세종대왕기념관,2018,12,174,0
동대문구,세종대왕기념관,2019,1,240,0
동대문구,세종대왕기념관,2019,2,169,0
동대문구,세종대왕기념관,2019,3,325,0
동대문구,세종대왕기념관,2019,4,415,0
동대문구,세종대왕기념관,2019,5,851,0
동대문구,세종대왕기념관,2019,6,556,0
동대문구,세종대왕기념관,2019,7,372,0
동대문구,세종대왕기념관,2019,8,403,0
동대문구,세종대왕기념관,2019,9,883,0
동대문구,세종대왕기념관,2019,10,1191,0
동대문구,세종대왕기념관,2019,11,293,0
동대문구,세종대왕기념관,2019,12,193,0
동대문구,세종대왕기념관,2020,1,0,0
동대문구,세종대왕기념관,2020,2,0,0
동대문구,세종대왕기념관,2020,3,0,0
동대문구,세종대왕기념관,2020,4,0,0
동대문구,세종대왕기념관,2020,5,0,0
동대문구,세종대왕기념관,2020,6,0,0
노원구,태릉 ·  강릉 · 조선왕릉전시관,2015,1,1754,11
노원구,태릉 ·  강릉 · 조선왕릉전시관,2015,2,2821,13
노원구,태릉 ·  강릉 · 조선왕릉전시관,2015,3,5274,23
노원구,태릉 ·  강릉 · 조선왕릉전시관,2015,4,10420,20
노원구,태릉 ·  강릉 · 조선왕릉전시관,2015,5,23038,73
노원구,태릉 ·  강릉 · 조선왕릉전시관,2015,6,6645,16
노원구,태릉 ·  강릉 · 조선왕릉전시관,2015,7,5871,0
노원구,태릉 ·  강릉 · 조선왕릉전시관,2015,8,6180,20
노원구,태릉 ·  강릉 · 조선왕릉전시관,2015,9,11899,15
노원구,태릉 ·  강릉 · 조선왕릉전시관,2015,10,19231,78
노원구,태릉 ·  강릉 · 조선왕릉전시관,2015,11,7229,15
노원구,태릉 ·  강릉 · 조선왕릉전시관,2015,12,2221,16
노원구,태릉 ·  강릉 · 조선왕릉전시관,2016,1,1544,6
노원구,태릉 ·  강릉 · 조선왕릉전시관,2016,2,1758,32
노원구,태릉 ·  강릉 · 조선왕릉전시관,2016,3,3748,14
노원구,태릉 ·  강릉 · 조선왕릉전시관,2016,4,11831,26
노원구,태릉 ·  강릉 · 조선왕릉전시관,2016,5,21485,56
노원구,태릉 ·  강릉 · 조선왕릉전시관,2016,6,9440,35
노원구,태릉 ·  강릉 · 조선왕릉전시관,2016,7,3454,49
노원구,태릉 ·  강릉 · 조선왕릉전시관,2016,8,3051,46
노원구,태릉 ·  강릉 · 조선왕릉전시관,2016,9,10739,27
노원구,태릉 ·  강릉 · 조선왕릉전시관,2016,10,17881,102
노원구,태릉 ·  강릉 · 조선왕릉전시관,2016,11,7507,40
노원구,태릉 ·  강릉 · 조선왕릉전시관,2016,12,2406,4
노원구,태릉 ·  강릉 · 조선왕릉전시관,2017,1,1659,2
노원구,태릉 ·  강릉 · 조선왕릉전시관,2017,2,1635,4
노원구,태릉 ·  강릉 · 조선왕릉전시관,2017,3,3766,14
노원구,태릉 ·  강릉 · 조선왕릉전시관,2017,4,12765,50
노원구,태릉 ·  강릉 · 조선왕릉전시관,2017,5,16748,38
노원구,태릉 ·  강릉 · 조선왕릉전시관,2017,6,9370,26
노원구,태릉 ·  강릉 · 조선왕릉전시관,2017,7,2914,21
노원구,태릉 ·  강릉 · 조선왕릉전시관,2017,8,4763,23
노원구,태릉 ·  강릉 · 조선왕릉전시관,2017,9,10180,7
노원구,태릉 ·  강릉 · 조선왕릉전시관,2017,10,26119,9
노원구,태릉 ·  강릉 · 조선왕릉전시관,2017,11,6502,3
노원구,태릉 ·  강릉 · 조선왕릉전시관,2017,12,2583,22
노원구,태릉 ·  강릉 · 조선왕릉전시관,2018,1,1023,8
노원구,태릉 ·  강릉 · 조선왕릉전시관,2018,2,2141,6
노원구,태릉 ·  강릉 · 조선왕릉전시관,2018,3,3397,1
노원구,태릉 ·  강릉 · 조선왕릉전시관,2018,4,9612,22
노원구,태릉 ·  강릉 · 조선왕릉전시관,2018,5,13570,33
노원구,태릉 ·  강릉 · 조선왕릉전시관,2018,6,8838,79
노원구,태릉 ·  강릉 · 조선왕릉전시관,2018,7,2282,22
노원구,태릉 ·  강릉 · 조선왕릉전시관,2018,8,1828,15
노원구,태릉 ·  강릉 · 조선왕릉전시관,2018,9,11439,28
노원구,태릉 ·  강릉 · 조선왕릉전시관,2018,10,18878,7
노원구,태릉 ·  강릉 · 조선왕릉전시관,2018,11,13426,16
노원구,태릉 ·  강릉 · 조선왕릉전시관,2018,12,5635,3
노원구,태릉 ·  강릉 · 조선왕릉전시관,2019,1,1735,14
노원구,태릉 ·  강릉 · 조선왕릉전시관,2019,2,2829,6
노원구,태릉 ·  강릉 · 조선왕릉전시관,2019,3,4199,14
노원구,태릉 ·  강릉 · 조선왕릉전시관,2019,4,7844,6
노원구,태릉 ·  강릉 · 조선왕릉전시관,2019,5,16639,11
노원구,태릉 ·  강릉 · 조선왕릉전시관,2019,6,8446,8
노원구,태릉 ·  강릉 · 조선왕릉전시관,2019,7,3368,11
노원구,태릉 ·  강릉 · 조선왕릉전시관,2019,8,7079,3
노원구,태릉 ·  강릉 · 조선왕릉전시관,2019,9,8488,9
노원구,태릉 ·  강릉 · 조선왕릉전시관,2019,10,26628,8
노원구,태릉 ·  강릉 · 조선왕릉전시관,2019,11,8802,434
노원구,태릉 ·  강릉 · 조선왕릉전시관,2019,12,1754,19
노원구,태릉 ·  강릉 · 조선왕릉전시관,2020,1,0,0
노원구,태릉 ·  강릉 · 조선왕릉전시관,2020,2,0,0
노원구,태릉 ·  강릉 · 조선왕릉전시관,2020,3,0,0
노원구,태릉 ·  강릉 · 조선왕릉전시관,2020,4,0,0
노원구,태릉 ·  강릉 · 조선왕릉전시관,2020,5,0,0
노원구,태릉 ·  강릉 · 조선왕릉전시관,2020,6,0,0
서대문구,서대문자연사박물관,2015,1,44478,0
서대문구,서대문자연사박물관,2015,2,24157,0
서대문구,서대문자연사박물관,2015,3,22159,0
서대문구,서대문자연사박물관,2015,4,24094,0
서대문구,서대문자연사박물관,2015,5,29008,0
서대문구,서대문자연사박물관,2015,6,6857,0
서대문구,서대문자연사박물관,2015,7,28674,0
서대문구,서대문자연사박물관,2015,8,48488,0
서대문구,서대문자연사박물관,2015,9,21641,0
서대문구,서대문자연사박물관,2015,10,27564,0
서대문구,서대문자연사박물관,2015,11,27430,0
서대문구,서대문자연사박물관,2015,12,22587,0
서대문구,서대문자연사박물관,2016,1,34358,0
서대문구,서대문자연사박물관,2016,2,20210,0
서대문구,서대문자연사박물관,2016,3,19372,0
서대문구,서대문자연사박물관,2016,4,28567,0
서대문구,서대문자연사박물관,2016,5,25663,0
서대문구,서대문자연사박물관,2016,6,26647,0
서대문구,서대문자연사박물관,2016,7,32745,0
서대문구,서대문자연사박물관,2016,8,47091,0
서대문구,서대문자연사박물관,2016,9,22388,0
서대문구,서대문자연사박물관,2016,10,26965,0
서대문구,서대문자연사박물관,2016,11,24905,0
서대문구,서대문자연사박물관,2016,12,20579,0
서대문구,서대문자연사박물관,2017,1,29396,0
서대문구,서대문자연사박물관,2017,2,28301,0
서대문구,서대문자연사박물관,2017,3,23068,0
서대문구,서대문자연사박물관,2017,4,26021,0
서대문구,서대문자연사박물관,2017,5,27236,0
서대문구,서대문자연사박물관,2017,6,26453,0
서대문구,서대문자연사박물관,2017,7,31237,0
서대문구,서대문자연사박물관,2017,8,49720,0
서대문구,서대문자연사박물관,2017,9,0,0
서대문구,서대문자연사박물관,2017,10,33587,0
서대문구,서대문자연사박물관,2017,11,28265,0
서대문구,서대문자연사박물관,2017,12,25143,0
서대문구,서대문자연사박물관,2018,1,35006,0
서대문구,서대문자연사박물관,2018,2,29033,0
서대문구,서대문자연사박물관,2018,3,30069,0
서대문구,서대문자연사박물관,2018,4,29995,0
서대문구,서대문자연사박물관,2018,5,30406,0
서대문구,서대문자연사박물관,2018,6,28354,0
서대문구,서대문자연사박물관,2018,7,28941,0
서대문구,서대문자연사박물관,2018,8,50149,0
서대문구,서대문자연사박물관,2018,9,27073,0
서대문구,서대문자연사박물관,2018,10,25472,0
서대문구,서대문자연사박물관,2018,11,23078,0
서대문구,서대문자연사박물관,2018,12,18664,0
서대문구,서대문자연사박물관,2019,1,30160,0
서대문구,서대문자연사박물관,2019,2,25802,0
서대문구,서대문자연사박물관,2019,3,28057,10
서대문구,서대문자연사박물관,2019,4,23154,90
서대문구,서대문자연사박물관,2019,5,22964,23
서대문구,서대문자연사박물관,2019,6,20157,32
서대문구,서대문자연사박물관,2019,7,23266,23
서대문구,서대문자연사박물관,2019,8,37779,26
서대문구,서대문자연사박물관,2019,9,15771,11
서대문구,서대문자연사박물관,2019,10,21167,20
서대문구,서대문자연사박물관,2019,11,19904,30
서대문구,서대문자연사박물관,2019,12,17542,43
서대문구,서대문자연사박물관,2020,1,0,0
서대문구,서대문자연사박물관,2020,2,0,0
서대문구,서대문자연사박물관,2020,3,0,0
서대문구,서대문자연사박물관,2020,4,0,0
서대문구,서대문자연사박물관,2020,5,0,0
서대문구,서대문자연사박물관,2020,6,0,0
서대문구,서대문형무소역사관,2015,1,23464,5355
서대문구,서대문형무소역사관,2015,2,12093,3702
서대문구,서대문형무소역사관,2015,3,34754,3850
서대문구,서대문형무소역사관,2015,4,57735,4114
서대문구,서대문형무소역사관,2015,5,75348,4392
서대문구,서대문형무소역사관,2015,6,20393,689
서대문구,서대문형무소역사관,2015,7,17171,4500
서대문구,서대문형무소역사관,2015,8,119769,8160
서대문구,서대문형무소역사관,2015,9,34080,6249
서대문구,서대문형무소역사관,2015,10,71906,6269
서대문구,서대문형무소역사관,2015,11,35371,5537
서대문구,서대문형무소역사관,2015,12,44232,5588
서대문구,서대문형무소역사관,2016,1,20021,4375
서대문구,서대문형무소역사관,2016,2,16387,3988
서대문구,서대문형무소역사관,2016,3,50374,3946
서대문구,서대문형무소역사관,2016,4,50928,4280
서대문구,서대문형무소역사관,2016,5,80932,4476
서대문구,서대문형무소역사관,2016,6,52204,915
서대문구,서대문형무소역사관,2016,7,31310,5030
서대문구,서대문형무소역사관,2016,8,114395,8279
서대문구,서대문형무소역사관,2016,9,33223,6369
서대문구,서대문형무소역사관,2016,10,76689,6272
서대문구,서대문형무소역사관,2016,11,47882,5559
서대문구,서대문형무소역사관,2016,12,28405,5597
서대문구,서대문형무소역사관,2017,1,27598,2740
서대문구,서대문형무소역사관,2017,2,25727,3433
서대문구,서대문형무소역사관,2017,3,62661,3695
서대문구,서대문형무소역사관,2017,4,55776,3131
서대문구,서대문형무소역사관,2017,5,91425,4567
서대문구,서대문형무소역사관,2017,6,60816,3725
서대문구,서대문형무소역사관,2017,7,22459,4074
서대문구,서대문형무소역사관,2017,8,73705,7987
서대문구,서대문형무소역사관,2017,9,50794,5530
서대문구,서대문형무소역사관,2017,10,95963,6060
서대문구,서대문형무소역사관,2017,11,45457,5083
서대문구,서대문형무소역사관,2017,12,31550,4024
서대문구,서대문형무소역사관,2018,1,34198,918
서대문구,서대문형무소역사관,2018,2,22808,624
서대문구,서대문형무소역사관,2018,3,70073,915
서대문구,서대문형무소역사관,2018,4,62860,1425
서대문구,서대문형무소역사관,2018,5,104851,1082
서대문구,서대문형무소역사관,2018,6,58319,1056
서대문구,서대문형무소역사관,2018,7,27219,1231
서대문구,서대문형무소역사관,2018,8,56692,1685
서대문구,서대문형무소역사관,2018,9,53653,477
서대문구,서대문형무소역사관,2018,10,92872,1401
서대문구,서대문형무소역사관,2018,11,45849,831
서대문구,서대문형무소역사관,2018,12,36304,690
서대문구,서대문형무소역사관,2019,1,35384,2161
서대문구,서대문형무소역사관,2019,2,41006,1799
서대문구,서대문형무소역사관,2019,3,126027,2794
서대문구,서대문형무소역사관,2019,4,94462,2750
서대문구,서대문형무소역사관,2019,5,127310,3032
서대문구,서대문형무소역사관,2019,6,48332,1177
서대문구,서대문형무소역사관,2019,7,48332,1177
서대문구,서대문형무소역사관,2019,8,106315,2416
서대문구,서대문형무소역사관,2019,9,97723,11705
서대문구,서대문형무소역사관,2019,10,127285,2148
서대문구,서대문형무소역사관,2019,11,62358,2029
서대문구,서대문형무소역사관,2019,12,53841,2126
서대문구,서대문형무소역사관,2020,1,0,0
서대문구,서대문형무소역사관,2020,2,0,0
서대문구,서대문형무소역사관,2020,3,0,0
서대문구,서대문형무소역사관,2020,4,0,0
서대문구,서대문형무소역사관,2020,5,0,0
서대문구,서대문형무소역사관,2020,6,0,0
마포구,트릭아이미술관,2015,1,10756,30234
마포구,트릭아이미술관,2015,2,8984,34684
마포구,트릭아이미술관,2015,3,4434,32313
마포구,트릭아이미술관,2015,4,3718,32168
마포구,트릭아이미술관,2015,5,8071,26983
마포구,트릭아이미술관,2015,6,3603,9009
마포구,트릭아이미술관,2015,7,9384,4522
마포구,트릭아이미술관,2015,8,19516,12957
마포구,트릭아이미술관,2015,9,4346,16712
마포구,트릭아이미술관,2015,10,7623,21961
마포구,트릭아이미술관,2015,11,5535,21274
마포구,트릭아이미술관,2015,12,8822,29520
마포구,트릭아이미술관,2016,1,11382,25604
마포구,트릭아이미술관,2016,2,9864,28575
마포구,트릭아이미술관,2016,3,4061,25458
마포구,트릭아이미술관,2016,4,3816,28036
마포구,트릭아이미술관,2016,5,7170,25577
마포구,트릭아이미술관,2016,6,6379,20431
마포구,트릭아이미술관,2016,7,12218,28670
마포구,트릭아이미술관,2016,8,22213,21480
마포구,트릭아이미술관,2016,9,5504,13677
마포구,트릭아이미술관,2016,10,7392,23237
마포구,트릭아이미술관,2016,11,4179,16675
마포구,트릭아이미술관,2016,12,6187,26168
마포구,트릭아이미술관,2017,1,6671,23829
마포구,트릭아이미술관,2017,2,6561,18209
마포구,트릭아이미술관,2017,3,3467,15875
마포구,트릭아이미술관,2017,4,4081,22049
마포구,트릭아이미술관,2017,5,6792,14615
마포구,트릭아이미술관,2017,6,4943,11732
마포구,트릭아이미술관,2017,7,8261,14245
마포구,트릭아이미술관,2017,8,9793,14583
마포구,트릭아이미술관,2017,9,3899,9942
마포구,트릭아이미술관,2017,10,5479,15026
마포구,트릭아이미술관,2017,11,3422,11454
마포구,트릭아이미술관,2017,12,5415,18161
마포구,트릭아이미술관,2018,1,5556,13160
마포구,트릭아이미술관,2018,2,4851,14040
마포구,트릭아이미술관,2018,3,3437,15663
마포구,트릭아이미술관,2018,4,3349,20986
마포구,트릭아이미술관,2018,5,7159,14614
마포구,트릭아이미술관,2018,6,5122,17191
마포구,트릭아이미술관,2018,7,7564,19696
마포구,트릭아이미술관,2018,8,9309,18420
마포구,트릭아이미술관,2018,9,4165,13311
마포구,트릭아이미술관,2018,10,5014,18477
마포구,트릭아이미술관,2018,11,2345,17337
마포구,트릭아이미술관,2018,12,3615,18962
마포구,트릭아이미술관,2019,1,5424,13160
마포구,트릭아이미술관,2019,2,4003,15886
마포구,트릭아이미술관,2019,3,2249,18111
마포구,트릭아이미술관,2019,4,1733,23216
마포구,트릭아이미술관,2019,5,4889,17187
마포구,트릭아이미술관,2019,6,3331,22319
마포구,트릭아이미술관,2019,7,4727,24813
마포구,트릭아이미술관,2019,8,7269,25813
마포구,트릭아이미술관,2019,9,2437,17204
마포구,트릭아이미술관,2019,10,4148,25206
마포구,트릭아이미술관,2019,11,2920,19877
마포구,트릭아이미술관,2019,12,4146,20684
마포구,트릭아이미술관,2020,1,0,0
마포구,트릭아이미술관,2020,2,0,0
마포구,트릭아이미술관,2020,3,0,0
마포구,트릭아이미술관,2020,4,0,0
마포구,트릭아이미술관,2020,5,0,0
마포구,트릭아이미술관,2020,6,0,0
서초구,헌릉ㆍ인릉,2015,1,1362,2
서초구,헌릉ㆍ인릉,2015,2,1706,4
서초구,헌릉ㆍ인릉,2015,3,3014,15
서초구,헌릉ㆍ인릉,2015,4,4782,7
서초구,헌릉ㆍ인릉,2015,5,7557,28
서초구,헌릉ㆍ인릉,2015,6,3344,15
서초구,헌릉ㆍ인릉,2015,7,2991,43
서초구,헌릉ㆍ인릉,2015,8,3439,5
서초구,헌릉ㆍ인릉,2015,9,4606,22
서초구,헌릉ㆍ인릉,2015,10,5111,17
서초구,헌릉ㆍ인릉,2015,11,2927,10
서초구,헌릉ㆍ인릉,2015,12,1647,3
서초구,헌릉ㆍ인릉,2016,1,1296,3
서초구,헌릉ㆍ인릉,2016,2,1518,6
서초구,헌릉ㆍ인릉,2016,3,2894,18
서초구,헌릉ㆍ인릉,2016,4,4372,1
서초구,헌릉ㆍ인릉,2016,5,5335,13
서초구,헌릉ㆍ인릉,2016,6,4525,13
서초구,헌릉ㆍ인릉,2016,7,2324,3
서초구,헌릉ㆍ인릉,2016,8,1493,21
서초구,헌릉ㆍ인릉,2016,9,3815,17
서초구,헌릉ㆍ인릉,2016,10,5253,11
서초구,헌릉ㆍ인릉,2016,11,2915,49
서초구,헌릉ㆍ인릉,2016,12,1785,1
서초구,헌릉ㆍ인릉,2017,1,1227,4
서초구,헌릉ㆍ인릉,2017,2,1272,7
서초구,헌릉ㆍ인릉,2017,3,2738,4
서초구,헌릉ㆍ인릉,2017,4,4515,11
서초구,헌릉ㆍ인릉,2017,5,3660,49
서초구,헌릉ㆍ인릉,2017,6,3763,12
서초구,헌릉ㆍ인릉,2017,7,2543,16
서초구,헌릉ㆍ인릉,2017,8,3148,9
서초구,헌릉ㆍ인릉,2017,9,4342,10
서초구,헌릉ㆍ인릉,2017,10,7923,10
서초구,헌릉ㆍ인릉,2017,11,2852,10
서초구,헌릉ㆍ인릉,2017,12,1105,4
서초구,헌릉ㆍ인릉,2018,1,1182,6
서초구,헌릉ㆍ인릉,2018,2,1459,1
서초구,헌릉ㆍ인릉,2018,3,2461,3
서초구,헌릉ㆍ인릉,2018,4,3398,22
서초구,헌릉ㆍ인릉,2018,5,5689,16
서초구,헌릉ㆍ인릉,2018,6,4449,18
서초구,헌릉ㆍ인릉,2018,7,1437,14
서초구,헌릉ㆍ인릉,2018,8,1290,8
서초구,헌릉ㆍ인릉,2018,9,4263,12
서초구,헌릉ㆍ인릉,2018,10,5457,18
서초구,헌릉ㆍ인릉,2018,11,2901,5
서초구,헌릉ㆍ인릉,2018,12,1237,19
서초구,헌릉ㆍ인릉,2019,1,1399,4
서초구,헌릉ㆍ인릉,2019,2,1733,8
서초구,헌릉ㆍ인릉,2019,3,2321,19
서초구,헌릉ㆍ인릉,2019,4,3802,12
서초구,헌릉ㆍ인릉,2019,5,5526,7
서초구,헌릉ㆍ인릉,2019,6,6158,16
서초구,헌릉ㆍ인릉,2019,7,2079,1
서초구,헌릉ㆍ인릉,2019,8,3928,1
서초구,헌릉ㆍ인릉,2019,9,4356,3
서초구,헌릉ㆍ인릉,2019,10,8726,39
서초구,헌릉ㆍ인릉,2019,11,5719,13
서초구,헌릉ㆍ인릉,2019,12,3415,18
서초구,헌릉ㆍ인릉,2020,1,2980,2
서초구,헌릉ㆍ인릉,2020,2,2689,2
서초구,헌릉ㆍ인릉,2020,3,6305,19
서초구,헌릉ㆍ인릉,2020,4,0,0
서초구,헌릉ㆍ인릉,2020,5,0,0
서초구,헌릉ㆍ인릉,2020,6,0,0
강남구,선릉·정릉,2015,1,12155,569
강남구,선릉·정릉,2015,2,13497,579
강남구,선릉·정릉,2015,3,24718,794
강남구,선릉·정릉,2015,4,41824,900
강남구,선릉·정릉,2015,5,43557,1073
강남구,선릉·정릉,2015,6,25700,559
강남구,선릉·정릉,2015,7,37864,864
강남구,선릉·정릉,2015,8,24135,754
강남구,선릉·정릉,2015,9,35500,853
강남구,선릉·정릉,2015,10,36678,1022
강남구,선릉·정릉,2015,11,23381,714
강남구,선릉·정릉,2015,12,14454,492
강남구,선릉·정릉,2016,1,11788,365
강남구,선릉·정릉,2016,2,12962,286
강남구,선릉·정릉,2016,3,26333,469
강남구,선릉·정릉,2016,4,43688,901
강남구,선릉·정릉,2016,5,41184,662
강남구,선릉·정릉,2016,6,34058,452
강남구,선릉·정릉,2016,7,23724,351
강남구,선릉·정릉,2016,8,18732,232
강남구,선릉·정릉,2016,9,35199,541
강남구,선릉·정릉,2016,10,39194,554
강남구,선릉·정릉,2016,11,27041,370
강남구,선릉·정릉,2016,12,14507,125
강남구,선릉·정릉,2017,1,13241,149
강남구,선릉·정릉,2017,2,14417,100
강남구,선릉·정릉,2017,3,30410,425
강남구,선릉·정릉,2017,4,45239,672
강남구,선릉·정릉,2017,5,37342,546
강남구,선릉·정릉,2017,6,32216,520
강남구,선릉·정릉,2017,7,23263,673
강남구,선릉·정릉,2017,8,26332,595
강남구,선릉·정릉,2017,9,39542,1010
강남구,선릉·정릉,2017,10,56424,1381
강남구,선릉·정릉,2017,11,26891,1046
강남구,선릉·정릉,2017,12,11540,34
강남구,선릉·정릉,2018,1,8040,519
강남구,선릉·정릉,2018,2,11037,666
강남구,선릉·정릉,2018,3,26183,953
강남구,선릉·정릉,2018,4,37187,1543
강남구,선릉·정릉,2018,5,40966,1519
강남구,선릉·정릉,2018,6,33594,1622
강남구,선릉·정릉,2018,7,19380,1293
강남구,선릉·정릉,2018,8,16383,1467
강남구,선릉·정릉,2018,9,43076,2509
강남구,선릉·정릉,2018,10,37953,2178
강남구,선릉·정릉,2018,11,24745,1394
강남구,선릉·정릉,2018,12,11815,888
강남구,선릉·정릉,2019,1,11638,715
강남구,선릉·정릉,2019,2,14158,780
강남구,선릉·정릉,2019,3,23425,1363
강남구,선릉·정릉,2019,4,40744,2117
강남구,선릉·정릉,2019,5,46550,2207
강남구,선릉·정릉,2019,6,39198,2173
강남구,선릉·정릉,2019,7,22426,1673
강남구,선릉·정릉,2019,8,29629,2232
강남구,선릉·정릉,2019,9,32549,4229
강남구,선릉·정릉,2019,10,56195,2294
강남구,선릉·정릉,2019,11,30117,1386
강남구,선릉·정릉,2019,12,13513,859
강남구,선릉·정릉,2020,1,0,0
강남구,선릉·정릉,2020,2,0,0
강남구,선릉·정릉,2020,3,0,0
강남구,선릉·정릉,2020,4,0,0
강남구,선릉·정릉,2020,5,0,0
강남구,선릉·정릉,2020,6,0,0
송파구,롯데월드,2015,1,0,0
송파구,롯데월드,2015,2,0,0
송파구,롯데월드,2015,3,0,0
송파구,롯데월드,2015,4,0,0
송파구,롯데월드,2015,5,0,0
송파구,롯데월드,2015,6,0,0
송파구,롯데월드,2015,7,0,0
송파구,롯데월드,2015,8,0,0
송파구,롯데월드,2015,9,0,0
송파구,롯데월드,2015,10,0,0
송파구,롯데월드,2015,11,0,0
송파구,롯데월드,2015,12,0,0
송파구,롯데월드,2016,1,0,0
송파구,롯데월드,2016,2,0,0
송파구,롯데월드,2016,3,0,0
송파구,롯데월드,2016,4,0,0
송파구,롯데월드,2016,5,0,0
송파구,롯데월드,2016,6,0,0
송파구,롯데월드,2016,7,0,0
송파구,롯데월드,2016,8,0,0
송파구,롯데월드,2016,9,0,0
송파구,롯데월드,2016,10,0,0
송파구,롯데월드,2016,11,0,0
송파구,롯데월드,2016,12,0,0
송파구,롯데월드,2017,1,0,0
송파구,롯데월드,2017,2,0,0
송파구,롯데월드,2017,3,0,0
송파구,롯데월드,2017,4,0,0
송파구,롯데월드,2017,5,0,0
송파구,롯데월드,2017,6,0,0
송파구,롯데월드,2017,7,0,0
송파구,롯데월드,2017,8,0,0
송파구,롯데월드,2017,9,0,0
송파구,롯데월드,2017,10,0,0
송파구,롯데월드,2017,11,0,0
송파구,롯데월드,2017,12,0,0
송파구,롯데월드,2018,1,508452,0
송파구,롯데월드,2018,2,536389,0
송파구,롯데월드,2018,3,365255,0
송파구,롯데월드,2018,4,417187,0
송파구,롯데월드,2018,5,479165,0
송파구,롯데월드,2018,6,342222,0
송파구,롯데월드,2018,7,427204,0
송파구,롯데월드,2018,8,510487,0
송파구,롯데월드,2018,9,429717,0
송파구,롯데월드,2018,10,615488,0
송파구,롯데월드,2018,11,450865,0
송파구,롯데월드,2018,12,610215,0
송파구,롯데월드,2019,1,494765,0
송파구,롯데월드,2019,2,585274,0
송파구,롯데월드,2019,3,374858,0
송파구,롯데월드,2019,4,421265,0
송파구,롯데월드,2019,5,467127,0
송파구,롯데월드,2019,6,386508,0
송파구,롯데월드,2019,7,464519,0
송파구,롯데월드,2019,8,526720,0
송파구,롯데월드,2019,9,398863,0
송파구,롯데월드,2019,10,592733,0
송파구,롯데월드,2019,11,460324,0
송파구,롯데월드,2019,12,613162,0
송파구,롯데월드,2020,1,476420,0
송파구,롯데월드,2020,2,145934,0
송파구,롯데월드,2020,3,99358,0
송파구,롯데월드,2020,4,0,0
송파구,롯데월드,2020,5,0,0
송파구,롯데월드,2020,6,0,0
송파구,서울스카이,2015,1,0,0
송파구,서울스카이,2015,2,0,0
송파구,서울스카이,2015,3,0,0
송파구,서울스카이,2015,4,0,0
송파구,서울스카이,2015,5,0,0
송파구,서울스카이,2015,6,0,0
송파구,서울스카이,2015,7,0,0
송파구,서울스카이,2015,8,0,0
송파구,서울스카이,2015,9,0,0
송파구,서울스카이,2015,10,0,0
송파구,서울스카이,2015,11,0,0
송파구,서울스카이,2015,12,0,0
송파구,서울스카이,2016,1,0,0
송파구,서울스카이,2016,2,0,0
송파구,서울스카이,2016,3,0,0
송파구,서울스카이,2016,4,0,0
송파구,서울스카이,2016,5,0,0
송파구,서울스카이,2016,6,0,0
송파구,서울스카이,2016,7,0,0
송파구,서울스카이,2016,8,0,0
송파구,서울스카이,2016,9,0,0
송파구,서울스카이,2016,10,0,0
송파구,서울스카이,2016,11,0,0
송파구,서울스카이,2016,12,0,0
송파구,서울스카이,2017,1,0,0
송파구,서울스카이,2017,2,0,0
송파구,서울스카이,2017,3,0,0
송파구,서울스카이,2017,4,0,0
송파구,서울스카이,2017,5,0,0
송파구,서울스카이,2017,6,0,0
송파구,서울스카이,2017,7,0,0
송파구,서울스카이,2017,8,0,0
송파구,서울스카이,2017,9,0,0
송파구,서울스카이,2017,10,0,0
송파구,서울스카이,2017,11,0,0
송파구,서울스카이,2017,12,0,0
송파구,서울스카이,2018,1,138596,0
송파구,서울스카이,2018,2,120492,0
송파구,서울스카이,2018,3,92229,0
송파구,서울스카이,2018,4,115019,0
송파구,서울스카이,2018,5,141443,0
송파구,서울스카이,2018,6,110468,0
송파구,서울스카이,2018,7,129314,0
송파구,서울스카이,2018,8,165745,0
송파구,서울스카이,2018,9,118311,0
송파구,서울스카이,2018,10,122479,0
송파구,서울스카이,2018,11,94243,0
송파구,서울스카이,2018,12,134116,0
송파구,서울스카이,2019,1,99439,0
송파구,서울스카이,2019,2,119979,0
송파구,서울스카이,2019,3,99541,0
송파구,서울스카이,2019,4,110320,0
송파구,서울스카이,2019,5,133423,0
송파구,서울스카이,2019,6,101542,0
송파구,서울스카이,2019,7,102533,0
송파구,서울스카이,2019,8,162727,0
송파구,서울스카이,2019,9,100336,0
송파구,서울스카이,2019,10,124684,0
송파구,서울스카이,2019,11,98659,0
송파구,서울스카이,2019,12,116617,0
송파구,서울스카이,2020,1,107987,0
송파구,서울스카이,2020,2,29035,0
송파구,서울스카이,2020,3,11262,0
송파구,서울스카이,2020,4,0,0
송파구,서울스카이,2020,5,0,0
송파구,서울스카이,2020,6,0,0
송파구,아쿠아리움,2015,1,0,0
송파구,아쿠아리움,2015,2,0,0
송파구,아쿠아리움,2015,3,0,0
송파구,아쿠아리움,2015,4,0,0
송파구,아쿠아리움,2015,5,0,0
송파구,아쿠아리움,2015,6,0,0
송파구,아쿠아리움,2015,7,0,0
송파구,아쿠아리움,2015,8,0,0
송파구,아쿠아리움,2015,9,0,0
송파구,아쿠아리움,2015,10,0,0
송파구,아쿠아리움,2015,11,0,0
송파구,아쿠아리움,2015,12,0,0
송파구,아쿠아리움,2016,1,0,0
송파구,아쿠아리움,2016,2,0,0
송파구,아쿠아리움,2016,3,0,0
송파구,아쿠아리움,2016,4,0,0
송파구,아쿠아리움,2016,5,0,0
송파구,아쿠아리움,2016,6,0,0
송파구,아쿠아리움,2016,7,0,0
송파구,아쿠아리움,2016,8,0,0
송파구,아쿠아리움,2016,9,0,0
송파구,아쿠아리움,2016,10,0,0
송파구,아쿠아리움,2016,11,0,0
송파구,아쿠아리움,2016,12,0,0
송파구,아쿠아리움,2017,1,0,0
송파구,아쿠아리움,2017,2,0,0
송파구,아쿠아리움,2017,3,0,0
송파구,아쿠아리움,2017,4,0,0
송파구,아쿠아리움,2017,5,0,0
송파구,아쿠아리움,2017,6,0,0
송파구,아쿠아리움,2017,7,0,0
송파구,아쿠아리움,2017,8,0,0
송파구,아쿠아리움,2017,9,0,0
송파구,아쿠아리움,2017,10,0,0
송파구,아쿠아리움,2017,11,0,0
송파구,아쿠아리움,2017,12,0,0
송파구,아쿠아리움,2018,1,109435,0
송파구,아쿠아리움,2018,2,104754,0
송파구,아쿠아리움,2018,3,84671,0
송파구,아쿠아리움,2018,4,92824,0
송파구,아쿠아리움,2018,5,97898,0
송파구,아쿠아리움,2018,6,85373,0
송파구,아쿠아리움,2018,7,139511,0
송파구,아쿠아리움,2018,8,192675,0
송파구,아쿠아리움,2018,9,85857,0
송파구,아쿠아리움,2018,10,90453,0
송파구,아쿠아리움,2018,11,84577,0
송파구,아쿠아리움,2018,12,122238,0
송파구,아쿠아리움,2019,1,118142,0
송파구,아쿠아리움,2019,2,132107,0
송파구,아쿠아리움,2019,3,96406,0
송파구,아쿠아리움,2019,4,82730,0
송파구,아쿠아리움,2019,5,113511,0
송파구,아쿠아리움,2019,6,96302,0
송파구,아쿠아리움,2019,7,126950,0
송파구,아쿠아리움,2019,8,151226,0
송파구,아쿠아리움,2019,9,82402,0
송파구,아쿠아리움,2019,10,82513,0
송파구,아쿠아리움,2019,11,79118,0
송파구,아쿠아리움,2019,12,106666,0
송파구,아쿠아리움,2020,1,103930,0
송파구,아쿠아리움,2020,2,24479,0
송파구,아쿠아리움,2020,3,12291,0
송파구,아쿠아리움,2020,4,0,0
송파구,아쿠아리움,2020,5,0,0
송파구,아쿠아리움,2020,6,0,0
