Gungu,Name,Year,Month,Korean,Foreigner
제주시,(주)제주미니미니랜드,2015,1,0,0
제주시,(주)제주미니미니랜드,2015,2,0,0
제주시,(주)제주미니미니랜드,2015,3,0,0
제주시,(주)제주미니미니랜드,2015,4,0,0
제주시,(주)제주미니미니랜드,2015,5,0,0
제주시,(주)제주미니미니랜드,2015,6,0,0
제주시,(주)제주미니미니랜드,2015,7,0,0
제주시,(주)제주미니미니랜드,2015,8,0,0
제주시,(주)제주미니미니랜드,2015,9,0,0
제주시,(주)제주미니미니랜드,2015,10,0,0
제주시,(주)제주미니미니랜드,2015,11,0,0
제주시,(주)제주미니미니랜드,2015,12,0,0
제주시,(주)제주미니미니랜드,2016,1,0,0
제주시,(주)제주미니미니랜드,2016,2,0,0
제주시,(주)제주미니미니랜드,2016,3,0,0
제주시,(주)제주미니미니랜드,2016,4,0,0
제주시,(주)제주미니미니랜드,2016,5,0,0
제주시,(주)제주미니미니랜드,2016,6,0,0
제주시,(주)제주미니미니랜드,2016,7,0,0
제주시,(주)제주미니미니랜드,2016,8,0,0
제주시,(주)제주미니미니랜드,2016,9,0,0
제주시,(주)제주미니미니랜드,2016,10,0,0
제주시,(주)제주미니미니랜드,2016,11,0,0
제주시,(주)제주미니미니랜드,2016,12,0,0
제주시,(주)제주미니미니랜드,2017,1,0,0
제주시,(주)제주미니미니랜드,2017,2,0,0
제주시,(주)제주미니미니랜드,2017,3,0,0
제주시,(주)제주미니미니랜드,2017,4,0,0
제주시,(주)제주미니미니랜드,2017,5,0,0
제주시,(주)제주미니미니랜드,2017,6,0,0
제주시,(주)제주미니미니랜드,2017,7,0,0
제주시,(주)제주미니미니랜드,2017,8,0,0
제주시,(주)제주미니미니랜드,2017,9,0,0
제주시,(주)제주미니미니랜드,2017,10,0,0
제주시,(주)제주미니미니랜드,2017,11,0,0
제주시,(주)제주미니미니랜드,2017,12,0,0
제주시,(주)제주미니미니랜드,2018,1,0,0
제주시,(주)제주미니미니랜드,2018,2,0,0
제주시,(주)제주미니미니랜드,2018,3,0,0
제주시,(주)제주미니미니랜드,2018,4,0,0
제주시,(주)제주미니미니랜드,2018,5,0,0
제주시,(주)제주미니미니랜드,2018,6,0,0
제주시,(주)제주미니미니랜드,2018,7,0,0
제주시,(주)제주미니미니랜드,2018,8,0,0
제주시,(주)제주미니미니랜드,2018,9,0,0
제주시,(주)제주미니미니랜드,2018,10,0,0
제주시,(주)제주미니미니랜드,2018,11,0,0
제주시,(주)제주미니미니랜드,2018,12,0,0
제주시,(주)제주미니미니랜드,2019,1,0,0
제주시,(주)제주미니미니랜드,2019,2,0,0
제주시,(주)제주미니미니랜드,2019,3,0,0
제주시,(주)제주미니미니랜드,2019,4,0,0
제주시,(주)제주미니미니랜드,2019,5,0,0
제주시,(주)제주미니미니랜드,2019,6,0,0
제주시,(주)제주미니미니랜드,2019,7,0,0
제주시,(주)제주미니미니랜드,2019,8,0,0
제주시,(주)제주미니미니랜드,2019,9,0,0
제주시,(주)제주미니미니랜드,2019,10,0,0
제주시,(주)제주미니미니랜드,2019,11,0,0
제주시,(주)제주미니미니랜드,2019,12,0,0
제주시,국립제주박물관,2015,1,35260,279
제주시,국립제주박물관,2015,2,30870,466
제주시,국립제주박물관,2015,3,21959,491
제주시,국립제주박물관,2015,4,32732,609
제주시,국립제주박물관,2015,5,36713,811
제주시,국립제주박물관,2015,6,19769,945
제주시,국립제주박물관,2015,7,25197,227
제주시,국립제주박물관,2015,8,40955,1004
제주시,국립제주박물관,2015,9,43879,5381
제주시,국립제주박물관,2015,10,26612,1655
제주시,국립제주박물관,2015,11,18369,678
제주시,국립제주박물관,2015,12,17261,1026
제주시,국립제주박물관,2016,1,20275,1765
제주시,국립제주박물관,2016,2,15964,2544
제주시,국립제주박물관,2016,3,19234,1446
제주시,국립제주박물관,2016,4,38780,4947
제주시,국립제주박물관,2016,5,43177,5113
제주시,국립제주박물관,2016,6,17031,2658
제주시,국립제주박물관,2016,7,20248,2647
제주시,국립제주박물관,2016,8,24473,2157
제주시,국립제주박물관,2016,9,23098,2940
제주시,국립제주박물관,2016,10,22783,514
제주시,국립제주박물관,2016,11,14624,4072
제주시,국립제주박물관,2016,12,13976,2003
제주시,국립제주박물관,2017,1,12569,4668
제주시,국립제주박물관,2017,2,8900,1879
제주시,국립제주박물관,2017,3,14689,1462
제주시,국립제주박물관,2017,4,13967,303
제주시,국립제주박물관,2017,5,20177,344
제주시,국립제주박물관,2017,6,14000,126
제주시,국립제주박물관,2017,7,13368,175
제주시,국립제주박물관,2017,8,24986,224
제주시,국립제주박물관,2017,9,22307,152
제주시,국립제주박물관,2017,10,27599,135
제주시,국립제주박물관,2017,11,16272,161
제주시,국립제주박물관,2017,12,30629,149
제주시,국립제주박물관,2018,1,33630,120
제주시,국립제주박물관,2018,2,24396,216
제주시,국립제주박물관,2018,3,20195,200
제주시,국립제주박물관,2018,4,26893,256
제주시,국립제주박물관,2018,5,30340,1491
제주시,국립제주박물관,2018,6,23061,247
제주시,국립제주박물관,2018,7,30584,620
제주시,국립제주박물관,2018,8,44063,639
제주시,국립제주박물관,2018,9,34569,289
제주시,국립제주박물관,2018,10,29993,376
제주시,국립제주박물관,2018,11,19249,210
제주시,국립제주박물관,2018,12,20957,357
제주시,국립제주박물관,2019,1,17555,282
제주시,국립제주박물관,2019,2,14250,391
제주시,국립제주박물관,2019,3,28195,190
제주시,국립제주박물관,2019,4,33417,377
제주시,국립제주박물관,2019,5,42474,391
제주시,국립제주박물관,2019,6,30595,367
제주시,국립제주박물관,2019,7,29595,493
제주시,국립제주박물관,2019,8,45542,656
제주시,국립제주박물관,2019,9,34800,517
제주시,국립제주박물관,2019,10,35492,495
제주시,국립제주박물관,2019,11,19689,448
제주시,국립제주박물관,2019,12,26557,749
제주시,도립미술관,2015,1,9522,135
제주시,도립미술관,2015,2,6170,120
제주시,도립미술관,2015,3,5078,259
제주시,도립미술관,2015,4,7170,184
제주시,도립미술관,2015,5,11560,270
제주시,도립미술관,2015,6,6334,116
제주시,도립미술관,2015,7,12370,137
제주시,도립미술관,2015,8,10666,157
제주시,도립미술관,2015,9,18844,180
제주시,도립미술관,2015,10,25989,184
제주시,도립미술관,2015,11,20756,150
제주시,도립미술관,2015,12,7741,136
제주시,도립미술관,2016,1,8052,122
제주시,도립미술관,2016,2,6950,193
제주시,도립미술관,2016,3,5179,212
제주시,도립미술관,2016,4,7312,202
제주시,도립미술관,2016,5,10838,211
제주시,도립미술관,2016,6,7106,252
제주시,도립미술관,2016,7,11044,326
제주시,도립미술관,2016,8,10962,407
제주시,도립미술관,2016,9,9690,259
제주시,도립미술관,2016,10,11248,408
제주시,도립미술관,2016,11,11751,396
제주시,도립미술관,2016,12,9138,160
제주시,도립미술관,2017,1,6920,287
제주시,도립미술관,2017,2,5643,215
제주시,도립미술관,2017,3,4964,159
제주시,도립미술관,2017,4,8495,278
제주시,도립미술관,2017,5,11173,269
제주시,도립미술관,2017,6,7107,249
제주시,도립미술관,2017,7,8208,130
제주시,도립미술관,2017,8,8108,102
제주시,도립미술관,2017,9,8929,173
제주시,도립미술관,2017,10,9878,173
제주시,도립미술관,2017,11,6980,81
제주시,도립미술관,2017,12,4851,27
제주시,도립미술관,2018,1,6454,42
제주시,도립미술관,2018,2,4629,54
제주시,도립미술관,2018,3,4142,54
제주시,도립미술관,2018,4,5776,134
제주시,도립미술관,2018,5,7958,75
제주시,도립미술관,2018,6,4337,29
제주시,도립미술관,2018,7,14121,162
제주시,도립미술관,2018,8,18900,198
제주시,도립미술관,2018,9,12697,160
제주시,도립미술관,2018,10,7469,29
제주시,도립미술관,2018,11,13265,31
제주시,도립미술관,2018,12,25345,38
제주시,도립미술관,2019,1,6034,6
제주시,도립미술관,2019,2,12310,12
제주시,도립미술관,2019,3,10432,10
제주시,도립미술관,2019,4,4180,6
제주시,도립미술관,2019,5,12042,26
제주시,도립미술관,2019,6,16172,32
제주시,도립미술관,2019,7,13571,22
제주시,도립미술관,2019,8,12269,17
제주시,도립미술관,2019,9,3043,18
제주시,도립미술관,2019,10,9003,125
제주시,도립미술관,2019,11,12560,305
제주시,도립미술관,2019,12,14469,129
제주시,만장굴관광지,2015,1,51849,2446
제주시,만장굴관광지,2015,2,43006,3038
제주시,만장굴관광지,2015,3,36225,5103
제주시,만장굴관광지,2015,4,50608,7933
제주시,만장굴관광지,2015,5,63091,8659
제주시,만장굴관광지,2015,6,47477,5253
제주시,만장굴관광지,2015,7,77626,2878
제주시,만장굴관광지,2015,8,115419,3688
제주시,만장굴관광지,2015,9,60467,6620
제주시,만장굴관광지,2015,10,60133,7674
제주시,만장굴관광지,2015,11,45551,6101
제주시,만장굴관광지,2015,12,39386,4347
제주시,만장굴관광지,2016,1,50108,1761
제주시,만장굴관광지,2016,2,49956,2773
제주시,만장굴관광지,2016,3,34592,7107
제주시,만장굴관광지,2016,4,52066,8845
제주시,만장굴관광지,2016,5,57300,10495
제주시,만장굴관광지,2016,6,50111,8445
제주시,만장굴관광지,2016,7,86093,8188
제주시,만장굴관광지,2016,8,122394,6939
제주시,만장굴관광지,2016,9,62659,8500
제주시,만장굴관광지,2016,10,59726,9529
제주시,만장굴관광지,2016,11,40506,6617
제주시,만장굴관광지,2016,12,39137,5961
제주시,만장굴관광지,2017,1,52689,1433
제주시,만장굴관광지,2017,2,48975,1021
제주시,만장굴관광지,2017,3,40029,3914
제주시,만장굴관광지,2017,4,66434,9080
제주시,만장굴관광지,2017,5,68843,5522
제주시,만장굴관광지,2017,6,64366,5876
제주시,만장굴관광지,2017,7,103901,4496
제주시,만장굴관광지,2017,8,123177,3635
제주시,만장굴관광지,2017,9,63967,5515
제주시,만장굴관광지,2017,10,67375,6761
제주시,만장굴관광지,2017,11,39275,3965
제주시,만장굴관광지,2017,12,38612,4008
제주시,만장굴관광지,2018,1,44972,2157
제주시,만장굴관광지,2018,2,31996,2319
제주시,만장굴관광지,2018,3,44845,5469
제주시,만장굴관광지,2018,4,54775,7345
제주시,만장굴관광지,2018,5,69801,8333
제주시,만장굴관광지,2018,6,57540,8721
제주시,만장굴관광지,2018,7,90691,7436
제주시,만장굴관광지,2018,8,115456,7483
제주시,만장굴관광지,2018,9,53550,7606
제주시,만장굴관광지,2018,10,47490,9131
제주시,만장굴관광지,2018,11,32144,7187
제주시,만장굴관광지,2018,12,35724,5301
제주시,만장굴관광지,2019,1,39200,1688
제주시,만장굴관광지,2019,2,38344,1951
제주시,만장굴관광지,2019,3,34989,4631
제주시,만장굴관광지,2019,4,41639,8602
제주시,만장굴관광지,2019,5,53230,8398
제주시,만장굴관광지,2019,6,48159,9534
제주시,만장굴관광지,2019,7,64869,7276
제주시,만장굴관광지,2019,8,94458,7724
제주시,만장굴관광지,2019,9,42418,6943
제주시,만장굴관광지,2019,10,45208,8669
제주시,만장굴관광지,2019,11,30216,6028
제주시,만장굴관광지,2019,12,33042,5317
제주시,민속자연사박물관,2015,1,23298,26161
제주시,민속자연사박물관,2015,2,20557,25831
제주시,민속자연사박물관,2015,3,33556,34264
제주시,민속자연사박물관,2015,4,59881,30608
제주시,민속자연사박물관,2015,5,20216,31793
제주시,민속자연사박물관,2015,6,17417,41555
제주시,민속자연사박물관,2015,7,19543,11221
제주시,민속자연사박물관,2015,8,30122,25159
제주시,민속자연사박물관,2015,9,39009,41549
제주시,민속자연사박물관,2015,10,42496,46917
제주시,민속자연사박물관,2015,11,34045,36054
제주시,민속자연사박물관,2015,12,36242,29821
제주시,민속자연사박물관,2016,1,25213,36313
제주시,민속자연사박물관,2016,2,21375,39938
제주시,민속자연사박물관,2016,3,28920,58611
제주시,민속자연사박물관,2016,4,49446,48605
제주시,민속자연사박물관,2016,5,45789,56506
제주시,민속자연사박물관,2016,6,27947,59470
제주시,민속자연사박물관,2016,7,18385,44230
제주시,민속자연사박물관,2016,8,22449,55505
제주시,민속자연사박물관,2016,9,27387,39425
제주시,민속자연사박물관,2016,10,41039,37188
제주시,민속자연사박물관,2016,11,21614,24949
제주시,민속자연사박물관,2016,12,15585,30285
제주시,민속자연사박물관,2017,1,20702,31332
제주시,민속자연사박물관,2017,2,18516,23879
제주시,민속자연사박물관,2017,3,29835,12207
제주시,민속자연사박물관,2017,4,46980,2753
제주시,민속자연사박물관,2017,5,34009,2101
제주시,민속자연사박물관,2017,6,24467,2570
제주시,민속자연사박물관,2017,7,18287,2874
제주시,민속자연사박물관,2017,8,23976,2829
제주시,민속자연사박물관,2017,9,26466,2229
제주시,민속자연사박물관,2017,10,32661,2994
제주시,민속자연사박물관,2017,11,20943,1836
제주시,민속자연사박물관,2017,12,19960,1273
제주시,민속자연사박물관,2018,1,23410,1082
제주시,민속자연사박물관,2018,2,17144,1578
제주시,민속자연사박물관,2018,3,26543,2350
제주시,민속자연사박물관,2018,4,44163,3832
제주시,민속자연사박물관,2018,5,39178,2287
제주시,민속자연사박물관,2018,6,22866,3869
제주시,민속자연사박물관,2018,7,18805,3248
제주시,민속자연사박물관,2018,8,27444,3826
제주시,민속자연사박물관,2018,9,33398,4606
제주시,민속자연사박물관,2018,10,64812,5118
제주시,민속자연사박물관,2018,11,36887,4637
제주시,민속자연사박물관,2018,12,54222,5294
제주시,민속자연사박물관,2019,1,15751,3919
제주시,민속자연사박물관,2019,2,26404,5333
제주시,민속자연사박물관,2019,3,21059,6476
제주시,민속자연사박물관,2019,4,30179,7940
제주시,민속자연사박물관,2019,5,46997,7269
제주시,민속자연사박물관,2019,6,22005,7031
제주시,민속자연사박물관,2019,7,17063,7568
제주시,민속자연사박물관,2019,8,18959,8404
제주시,민속자연사박물관,2019,9,21196,6072
제주시,민속자연사박물관,2019,10,26820,7176
제주시,민속자연사박물관,2019,11,24223,7628
제주시,민속자연사박물관,2019,12,36512,9387
제주시,비자림,2015,1,38412,86
제주시,비자림,2015,2,31526,149
제주시,비자림,2015,3,43271,170
제주시,비자림,2015,4,58448,143
제주시,비자림,2015,5,76823,335
제주시,비자림,2015,6,56113,196
제주시,비자림,2015,7,69400,138
제주시,비자림,2015,8,89279,206
제주시,비자림,2015,9,72515,196
제주시,비자림,2015,10,79509,408
제주시,비자림,2015,11,57889,241
제주시,비자림,2015,12,43904,118
제주시,비자림,2016,1,43328,127
제주시,비자림,2016,2,46952,92
제주시,비자림,2016,3,54813,110
제주시,비자림,2016,4,78543,77
제주시,비자림,2016,5,89744,224
제주시,비자림,2016,6,73435,354
제주시,비자림,2016,7,75068,305
제주시,비자림,2016,8,81659,183
제주시,비자림,2016,9,71191,230
제주시,비자림,2016,10,82630,335
제주시,비자림,2016,11,64359,172
제주시,비자림,2016,12,43936,136
제주시,비자림,2017,1,43960,45
제주시,비자림,2017,2,44063,21
제주시,비자림,2017,3,61894,31
제주시,비자림,2017,4,103394,413
제주시,비자림,2017,5,108812,145
제주시,비자림,2017,6,103319,283
제주시,비자림,2017,7,94667,298
제주시,비자림,2017,8,96292,214
제주시,비자림,2017,9,90263,271
제주시,비자림,2017,10,20896,234
제주시,비자림,2017,11,78604,140
제주시,비자림,2017,12,48154,142
제주시,비자림,2018,1,46111,166
제주시,비자림,2018,2,34714,154
제주시,비자림,2018,3,66676,206
제주시,비자림,2018,4,93619,405
제주시,비자림,2018,5,100159,334
제주시,비자림,2018,6,93794,238
제주시,비자림,2018,7,78679,430
제주시,비자림,2018,8,84488,319
제주시,비자림,2018,9,75228,338
제주시,비자림,2018,10,85105,712
제주시,비자림,2018,11,63546,336
제주시,비자림,2018,12,41527,227
제주시,비자림,2019,1,45317,83
제주시,비자림,2019,2,48193,123
제주시,비자림,2019,3,65419,142
제주시,비자림,2019,4,72999,307
제주시,비자림,2019,5,85427,405
제주시,비자림,2019,6,78294,496
제주시,비자림,2019,7,65149,185
제주시,비자림,2019,8,81222,362
제주시,비자림,2019,9,58062,452
제주시,비자림,2019,10,80115,628
제주시,비자림,2019,11,67734,354
제주시,비자림,2019,12,48198,159
제주시,산굼부리,2015,1,0,0
제주시,산굼부리,2015,2,0,0
제주시,산굼부리,2015,3,0,0
제주시,산굼부리,2015,4,0,0
제주시,산굼부리,2015,5,0,0
제주시,산굼부리,2015,6,0,0
제주시,산굼부리,2015,7,0,0
제주시,산굼부리,2015,8,0,0
제주시,산굼부리,2015,9,0,0
제주시,산굼부리,2015,10,0,0
제주시,산굼부리,2015,11,0,0
제주시,산굼부리,2015,12,0,0
제주시,산굼부리,2016,1,0,0
제주시,산굼부리,2016,2,0,0
제주시,산굼부리,2016,3,0,0
제주시,산굼부리,2016,4,0,0
제주시,산굼부리,2016,5,0,0
제주시,산굼부리,2016,6,0,0
제주시,산굼부리,2016,7,0,0
제주시,산굼부리,2016,8,0,0
제주시,산굼부리,2016,9,0,0
제주시,산굼부리,2016,10,0,0
제주시,산굼부리,2016,11,0,0
제주시,산굼부리,2016,12,0,0
제주시,산굼부리,2017,1,0,0
제주시,산굼부리,2017,2,0,0
제주시,산굼부리,2017,3,0,0
제주시,산굼부리,2017,4,0,0
제주시,산굼부리,2017,5,0,0
제주시,산굼부리,2017,6,0,0
제주시,산굼부리,2017,7,0,0
제주시,산굼부리,2017,8,0,0
제주시,산굼부리,2017,9,0,0
제주시,산굼부리,2017,10,0,0
제주시,산굼부리,2017,11,0,0
제주시,산굼부리,2017,12,0,0
제주시,산굼부리,2018,1,0,0
제주시,산굼부리,2018,2,0,0
제주시,산굼부리,2018,3,0,0
제주시,산굼부리,2018,4,0,0
제주시,산굼부리,2018,5,0,0
제주시,산굼부리,2018,6,0,0
제주시,산굼부리,2018,7,0,0
제주시,산굼부리,2018,8,0,0
제주시,산굼부리,2018,9,0,0
제주시,산굼부리,2018,10,0,0
제주시,산굼부리,2018,11,0,0
제주시,산굼부리,2018,12,0,0
제주시,산굼부리,2019,1,0,0
제주시,산굼부리,2019,2,0,0
제주시,산굼부리,2019,3,0,0
제주시,산굼부리,2019,4,0,0
제주시,산굼부리,2019,5,0,0
제주시,산굼부리,2019,6,0,0
제주시,산굼부리,2019,7,0,0
제주시,산굼부리,2019,8,0,0
제주시,산굼부리,2019,9,0,0
제주시,산굼부리,2019,10,0,0
제주시,산굼부리,2019,11,0,0
제주시,산굼부리,2019,12,0,0
제주시,삼성혈,2015,1,0,0
제주시,삼성혈,2015,2,0,0
제주시,삼성혈,2015,3,0,0
제주시,삼성혈,2015,4,0,0
제주시,삼성혈,2015,5,0,0
제주시,삼성혈,2015,6,0,0
제주시,삼성혈,2015,7,0,0
제주시,삼성혈,2015,8,0,0
제주시,삼성혈,2015,9,0,0
제주시,삼성혈,2015,10,0,0
제주시,삼성혈,2015,11,0,0
제주시,삼성혈,2015,12,0,0
제주시,삼성혈,2016,1,0,0
제주시,삼성혈,2016,2,0,0
제주시,삼성혈,2016,3,0,0
제주시,삼성혈,2016,4,0,0
제주시,삼성혈,2016,5,0,0
제주시,삼성혈,2016,6,0,0
제주시,삼성혈,2016,7,0,0
제주시,삼성혈,2016,8,0,0
제주시,삼성혈,2016,9,0,0
제주시,삼성혈,2016,10,0,0
제주시,삼성혈,2016,11,0,0
제주시,삼성혈,2016,12,0,0
제주시,삼성혈,2017,1,0,0
제주시,삼성혈,2017,2,0,0
제주시,삼성혈,2017,3,0,0
제주시,삼성혈,2017,4,0,0
제주시,삼성혈,2017,5,0,0
제주시,삼성혈,2017,6,0,0
제주시,삼성혈,2017,7,0,0
제주시,삼성혈,2017,8,0,0
제주시,삼성혈,2017,9,0,0
제주시,삼성혈,2017,10,0,0
제주시,삼성혈,2017,11,0,0
제주시,삼성혈,2017,12,0,0
제주시,삼성혈,2018,1,0,0
제주시,삼성혈,2018,2,0,0
제주시,삼성혈,2018,3,0,0
제주시,삼성혈,2018,4,0,0
제주시,삼성혈,2018,5,0,0
제주시,삼성혈,2018,6,0,0
제주시,삼성혈,2018,7,0,0
제주시,삼성혈,2018,8,0,0
제주시,삼성혈,2018,9,0,0
제주시,삼성혈,2018,10,0,0
제주시,삼성혈,2018,11,0,0
제주시,삼성혈,2018,12,0,0
제주시,삼성혈,2019,1,0,0
제주시,삼성혈,2019,2,0,0
제주시,삼성혈,2019,3,0,0
제주시,삼성혈,2019,4,0,0
제주시,삼성혈,2019,5,0,0
제주시,삼성혈,2019,6,0,0
제주시,삼성혈,2019,7,0,0
제주시,삼성혈,2019,8,0,0
제주시,삼성혈,2019,9,0,0
제주시,삼성혈,2019,10,0,0
제주시,삼성혈,2019,11,0,0
제주시,삼성혈,2019,12,0,0
제주시,삼양선사유적지,2015,1,2856,3
제주시,삼양선사유적지,2015,2,2895,3
제주시,삼양선사유적지,2015,3,3995,16
제주시,삼양선사유적지,2015,4,4052,28
제주시,삼양선사유적지,2015,5,3743,11
제주시,삼양선사유적지,2015,6,3253,11
제주시,삼양선사유적지,2015,7,3389,43
제주시,삼양선사유적지,2015,8,3377,25
제주시,삼양선사유적지,2015,9,3379,67
제주시,삼양선사유적지,2015,10,4047,226
제주시,삼양선사유적지,2015,11,3263,175
제주시,삼양선사유적지,2015,12,3043,146
제주시,삼양선사유적지,2016,1,3029,118
제주시,삼양선사유적지,2016,2,2792,91
제주시,삼양선사유적지,2016,3,2675,135
제주시,삼양선사유적지,2016,4,5680,304
제주시,삼양선사유적지,2016,5,3606,168
제주시,삼양선사유적지,2016,6,3606,168
제주시,삼양선사유적지,2016,7,2992,168
제주시,삼양선사유적지,2016,8,1761,22
제주시,삼양선사유적지,2016,9,3108,35
제주시,삼양선사유적지,2016,10,4070,51
제주시,삼양선사유적지,2016,11,4811,262
제주시,삼양선사유적지,2016,12,3598,67
제주시,삼양선사유적지,2017,1,2645,132
제주시,삼양선사유적지,2017,2,1754,21
제주시,삼양선사유적지,2017,3,4205,131
제주시,삼양선사유적지,2017,4,5547,57
제주시,삼양선사유적지,2017,5,5204,46
제주시,삼양선사유적지,2017,6,4312,6
제주시,삼양선사유적지,2017,7,3670,124
제주시,삼양선사유적지,2017,8,2166,25
제주시,삼양선사유적지,2017,9,3588,54
제주시,삼양선사유적지,2017,10,4794,119
제주시,삼양선사유적지,2017,11,5790,200
제주시,삼양선사유적지,2017,12,4289,83
제주시,삼양선사유적지,2018,1,2786,2
제주시,삼양선사유적지,2018,2,2214,8
제주시,삼양선사유적지,2018,3,4708,59
제주시,삼양선사유적지,2018,4,5816,70
제주시,삼양선사유적지,2018,5,5461,52
제주시,삼양선사유적지,2018,6,4443,50
제주시,삼양선사유적지,2018,7,3907,78
제주시,삼양선사유적지,2018,8,3601,24
제주시,삼양선사유적지,2018,9,8126,213
제주시,삼양선사유적지,2018,10,3795,18
제주시,삼양선사유적지,2018,11,4642,12
제주시,삼양선사유적지,2018,12,5037,24
제주시,삼양선사유적지,2019,1,3436,12
제주시,삼양선사유적지,2019,2,2024,8
제주시,삼양선사유적지,2019,3,4263,9
제주시,삼양선사유적지,2019,4,5539,52
제주시,삼양선사유적지,2019,5,5434,68
제주시,삼양선사유적지,2019,6,4434,80
제주시,삼양선사유적지,2019,7,3811,89
제주시,삼양선사유적지,2019,8,2151,66
제주시,삼양선사유적지,2019,9,3334,84
제주시,삼양선사유적지,2019,10,3623,17
제주시,삼양선사유적지,2019,11,4251,14
제주시,삼양선사유적지,2019,12,4917,15
제주시,생각하는 정원,2015,1,0,0
제주시,생각하는 정원,2015,2,0,0
제주시,생각하는 정원,2015,3,0,0
제주시,생각하는 정원,2015,4,0,0
제주시,생각하는 정원,2015,5,0,0
제주시,생각하는 정원,2015,6,0,0
제주시,생각하는 정원,2015,7,0,0
제주시,생각하는 정원,2015,8,0,0
제주시,생각하는 정원,2015,9,0,0
제주시,생각하는 정원,2015,10,0,0
제주시,생각하는 정원,2015,11,0,0
제주시,생각하는 정원,2015,12,0,0
제주시,생각하는 정원,2016,1,0,0
제주시,생각하는 정원,2016,2,0,0
제주시,생각하는 정원,2016,3,0,0
제주시,생각하는 정원,2016,4,0,0
제주시,생각하는 정원,2016,5,0,0
제주시,생각하는 정원,2016,6,0,0
제주시,생각하는 정원,2016,7,0,0
제주시,생각하는 정원,2016,8,0,0
제주시,생각하는 정원,2016,9,0,0
제주시,생각하는 정원,2016,10,0,0
제주시,생각하는 정원,2016,11,0,0
제주시,생각하는 정원,2016,12,0,0
제주시,생각하는 정원,2017,1,0,0
제주시,생각하는 정원,2017,2,0,0
제주시,생각하는 정원,2017,3,0,0
제주시,생각하는 정원,2017,4,0,0
제주시,생각하는 정원,2017,5,0,0
제주시,생각하는 정원,2017,6,0,0
제주시,생각하는 정원,2017,7,0,0
제주시,생각하는 정원,2017,8,0,0
제주시,생각하는 정원,2017,9,0,0
제주시,생각하는 정원,2017,10,0,0
제주시,생각하는 정원,2017,11,0,0
제주시,생각하는 정원,2017,12,0,0
제주시,생각하는 정원,2018,1,0,0
제주시,생각하는 정원,2018,2,0,0
제주시,생각하는 정원,2018,3,0,0
제주시,생각하는 정원,2018,4,0,0
제주시,생각하는 정원,2018,5,0,0
제주시,생각하는 정원,2018,6,0,0
제주시,생각하는 정원,2018,7,0,0
제주시,생각하는 정원,2018,8,0,0
제주시,생각하는 정원,2018,9,0,0
제주시,생각하는 정원,2018,10,0,0
제주시,생각하는 정원,2018,11,0,0
제주시,생각하는 정원,2018,12,0,0
제주시,생각하는 정원,2019,1,0,0
제주시,생각하는 정원,2019,2,0,0
제주시,생각하는 정원,2019,3,0,0
제주시,생각하는 정원,2019,4,0,0
제주시,생각하는 정원,2019,5,0,0
제주시,생각하는 정원,2019,6,0,0
제주시,생각하는 정원,2019,7,0,0
제주시,생각하는 정원,2019,8,0,0
제주시,생각하는 정원,2019,9,0,0
제주시,생각하는 정원,2019,10,0,0
제주시,생각하는 정원,2019,11,0,0
제주시,생각하는 정원,2019,12,0,0
제주시,절물자연휴양림,2015,1,28561,0
제주시,절물자연휴양림,2015,2,22181,0
제주시,절물자연휴양림,2015,3,42559,0
제주시,절물자연휴양림,2015,4,58126,0
제주시,절물자연휴양림,2015,5,73267,0
제주시,절물자연휴양림,2015,6,44480,0
제주시,절물자연휴양림,2015,7,60705,0
제주시,절물자연휴양림,2015,8,80316,0
제주시,절물자연휴양림,2015,9,61370,0
제주시,절물자연휴양림,2015,10,81464,0
제주시,절물자연휴양림,2015,11,49324,0
제주시,절물자연휴양림,2015,12,28002,0
제주시,절물자연휴양림,2016,1,28069,0
제주시,절물자연휴양림,2016,2,30365,0
제주시,절물자연휴양림,2016,3,51124,0
제주시,절물자연휴양림,2016,4,69404,0
제주시,절물자연휴양림,2016,5,78133,0
제주시,절물자연휴양림,2016,6,67683,0
제주시,절물자연휴양림,2016,7,76378,0
제주시,절물자연휴양림,2016,8,101936,0
제주시,절물자연휴양림,2016,9,75010,0
제주시,절물자연휴양림,2016,10,78720,0
제주시,절물자연휴양림,2016,11,63227,0
제주시,절물자연휴양림,2016,12,34729,0
제주시,절물자연휴양림,2017,1,32537,0
제주시,절물자연휴양림,2017,2,34487,0
제주시,절물자연휴양림,2017,3,49662,0
제주시,절물자연휴양림,2017,4,79444,0
제주시,절물자연휴양림,2017,5,90844,0
제주시,절물자연휴양림,2017,6,79027,0
제주시,절물자연휴양림,2017,7,78245,0
제주시,절물자연휴양림,2017,8,94217,0
제주시,절물자연휴양림,2017,9,88884,0
제주시,절물자연휴양림,2017,10,89162,0
제주시,절물자연휴양림,2017,11,62580,0
제주시,절물자연휴양림,2017,12,35153,0
제주시,절물자연휴양림,2018,1,32899,0
제주시,절물자연휴양림,2018,2,27182,0
제주시,절물자연휴양림,2018,3,49289,0
제주시,절물자연휴양림,2018,4,84610,0
제주시,절물자연휴양림,2018,5,86219,0
제주시,절물자연휴양림,2018,6,86205,0
제주시,절물자연휴양림,2018,7,80837,0
제주시,절물자연휴양림,2018,8,96930,0
제주시,절물자연휴양림,2018,9,79386,0
제주시,절물자연휴양림,2018,10,85865,0
제주시,절물자연휴양림,2018,11,68525,0
제주시,절물자연휴양림,2018,12,33455,0
제주시,절물자연휴양림,2019,1,35542,0
제주시,절물자연휴양림,2019,2,33005,0
제주시,절물자연휴양림,2019,3,51727,0
제주시,절물자연휴양림,2019,4,69415,0
제주시,절물자연휴양림,2019,5,76795,0
제주시,절물자연휴양림,2019,6,75665,0
제주시,절물자연휴양림,2019,7,63720,0
제주시,절물자연휴양림,2019,8,85623,0
제주시,절물자연휴양림,2019,9,59483,0
제주시,절물자연휴양림,2019,10,85782,0
제주시,절물자연휴양림,2019,11,61452,0
제주시,절물자연휴양림,2019,12,31540,0
제주시,제주도립 김창열미술관,2015,1,0,0
제주시,제주도립 김창열미술관,2015,2,0,0
제주시,제주도립 김창열미술관,2015,3,0,0
제주시,제주도립 김창열미술관,2015,4,0,0
제주시,제주도립 김창열미술관,2015,5,0,0
제주시,제주도립 김창열미술관,2015,6,0,0
제주시,제주도립 김창열미술관,2015,7,0,0
제주시,제주도립 김창열미술관,2015,8,0,0
제주시,제주도립 김창열미술관,2015,9,0,0
제주시,제주도립 김창열미술관,2015,10,0,0
제주시,제주도립 김창열미술관,2015,11,0,0
제주시,제주도립 김창열미술관,2015,12,0,0
제주시,제주도립 김창열미술관,2016,1,0,0
제주시,제주도립 김창열미술관,2016,2,0,0
제주시,제주도립 김창열미술관,2016,3,0,0
제주시,제주도립 김창열미술관,2016,4,0,0
제주시,제주도립 김창열미술관,2016,5,0,0
제주시,제주도립 김창열미술관,2016,6,0,0
제주시,제주도립 김창열미술관,2016,7,0,0
제주시,제주도립 김창열미술관,2016,8,0,0
제주시,제주도립 김창열미술관,2016,9,0,0
제주시,제주도립 김창열미술관,2016,10,0,0
제주시,제주도립 김창열미술관,2016,11,0,0
제주시,제주도립 김창열미술관,2016,12,0,0
제주시,제주도립 김창열미술관,2017,1,0,0
제주시,제주도립 김창열미술관,2017,2,0,0
제주시,제주도립 김창열미술관,2017,3,0,0
제주시,제주도립 김창열미술관,2017,4,0,0
제주시,제주도립 김창열미술관,2017,5,0,0
제주시,제주도립 김창열미술관,2017,6,0,0
제주시,제주도립 김창열미술관,2017,7,0,0
제주시,제주도립 김창열미술관,2017,8,0,0
제주시,제주도립 김창열미술관,2017,9,0,0
제주시,제주도립 김창열미술관,2017,10,0,0
제주시,제주도립 김창열미술관,2017,11,0,0
제주시,제주도립 김창열미술관,2017,12,0,0
제주시,제주도립 김창열미술관,2018,1,0,0
제주시,제주도립 김창열미술관,2018,2,0,0
제주시,제주도립 김창열미술관,2018,3,0,0
제주시,제주도립 김창열미술관,2018,4,0,0
제주시,제주도립 김창열미술관,2018,5,0,0
제주시,제주도립 김창열미술관,2018,6,0,0
제주시,제주도립 김창열미술관,2018,7,2425,4
제주시,제주도립 김창열미술관,2018,8,2857,3
제주시,제주도립 김창열미술관,2018,9,1740,10
제주시,제주도립 김창열미술관,2018,10,2334,5
제주시,제주도립 김창열미술관,2018,11,1788,7
제주시,제주도립 김창열미술관,2018,12,2535,10
제주시,제주도립 김창열미술관,2019,1,2477,3
제주시,제주도립 김창열미술관,2019,2,2271,7
제주시,제주도립 김창열미술관,2019,3,2284,6
제주시,제주도립 김창열미술관,2019,4,1583,16
제주시,제주도립 김창열미술관,2019,5,12042,26
제주시,제주도립 김창열미술관,2019,6,2140,6
제주시,제주도립 김창열미술관,2019,7,2049,6
제주시,제주도립 김창열미술관,2019,8,3364,8
제주시,제주도립 김창열미술관,2019,9,2009,16
제주시,제주도립 김창열미술관,2019,10,2990,25
제주시,제주도립 김창열미술관,2019,11,2647,37
제주시,제주도립 김창열미술관,2019,12,6411,14
제주시,제주돌문화공원,2015,1,9436,165
제주시,제주돌문화공원,2015,2,7825,164
제주시,제주돌문화공원,2015,3,10067,344
제주시,제주돌문화공원,2015,4,16582,1078
제주시,제주돌문화공원,2015,5,38502,1987
제주시,제주돌문화공원,2015,6,11249,422
제주시,제주돌문화공원,2015,7,14223,234
제주시,제주돌문화공원,2015,8,29682,1151
제주시,제주돌문화공원,2015,9,21005,555
제주시,제주돌문화공원,2015,10,39790,717
제주시,제주돌문화공원,2015,11,29214,357
제주시,제주돌문화공원,2015,12,20076,228
제주시,제주돌문화공원,2016,1,11922,160
제주시,제주돌문화공원,2016,2,9554,185
제주시,제주돌문화공원,2016,3,11740,899
제주시,제주돌문화공원,2016,4,22475,855
제주시,제주돌문화공원,2016,5,43721,1688
제주시,제주돌문화공원,2016,6,15652,1027
제주시,제주돌문화공원,2016,7,11207,1015
제주시,제주돌문화공원,2016,8,27290,1733
제주시,제주돌문화공원,2016,9,17518,815
제주시,제주돌문화공원,2016,10,21376,1213
제주시,제주돌문화공원,2016,11,16045,598
제주시,제주돌문화공원,2016,12,11094,454
제주시,제주돌문화공원,2017,1,9141,167
제주시,제주돌문화공원,2017,2,7956,223
제주시,제주돌문화공원,2017,3,10869,338
제주시,제주돌문화공원,2017,4,44386,1903
제주시,제주돌문화공원,2017,5,45226,1756
제주시,제주돌문화공원,2017,6,14986,901
제주시,제주돌문화공원,2017,7,7944,456
제주시,제주돌문화공원,2017,8,11433,595
제주시,제주돌문화공원,2017,9,15961,995
제주시,제주돌문화공원,2017,10,19824,888
제주시,제주돌문화공원,2017,11,12054,273
제주시,제주돌문화공원,2017,12,11244,305
제주시,제주돌문화공원,2018,1,10010,241
제주시,제주돌문화공원,2018,2,5334,197
제주시,제주돌문화공원,2018,3,9814,635
제주시,제주돌문화공원,2018,4,15188,916
제주시,제주돌문화공원,2018,5,44266,1696
제주시,제주돌문화공원,2018,6,17090,785
제주시,제주돌문화공원,2018,7,11185,716
제주시,제주돌문화공원,2018,8,11385,859
제주시,제주돌문화공원,2018,9,24688,781
제주시,제주돌문화공원,2018,10,26023,703
제주시,제주돌문화공원,2018,11,12086,484
제주시,제주돌문화공원,2018,12,10082,350
제주시,제주돌문화공원,2019,1,9360,246
제주시,제주돌문화공원,2019,2,7256,208
제주시,제주돌문화공원,2019,3,8425,333
제주시,제주돌문화공원,2019,4,11770,656
제주시,제주돌문화공원,2019,5,42433,3164
제주시,제주돌문화공원,2019,6,12231,599
제주시,제주돌문화공원,2019,7,6952,326
제주시,제주돌문화공원,2019,8,7168,435
제주시,제주돌문화공원,2019,9,14197,398
제주시,제주돌문화공원,2019,10,55465,800
제주시,제주돌문화공원,2019,11,32278,512
제주시,제주돌문화공원,2019,12,9187,271
제주시,제주러브랜드,2015,1,0,0
제주시,제주러브랜드,2015,2,0,0
제주시,제주러브랜드,2015,3,0,0
제주시,제주러브랜드,2015,4,0,0
제주시,제주러브랜드,2015,5,0,0
제주시,제주러브랜드,2015,6,0,0
제주시,제주러브랜드,2015,7,0,0
제주시,제주러브랜드,2015,8,0,0
제주시,제주러브랜드,2015,9,0,0
제주시,제주러브랜드,2015,10,0,0
제주시,제주러브랜드,2015,11,0,0
제주시,제주러브랜드,2015,12,0,0
제주시,제주러브랜드,2016,1,0,0
제주시,제주러브랜드,2016,2,0,0
제주시,제주러브랜드,2016,3,0,0
제주시,제주러브랜드,2016,4,0,0
제주시,제주러브랜드,2016,5,0,0
제주시,제주러브랜드,2016,6,0,0
제주시,제주러브랜드,2016,7,0,0
제주시,제주러브랜드,2016,8,0,0
제주시,제주러브랜드,2016,9,0,0
제주시,제주러브랜드,2016,10,0,0
제주시,제주러브랜드,2016,11,0,0
제주시,제주러브랜드,2016,12,0,0
제주시,제주러브랜드,2017,1,0,0
제주시,제주러브랜드,2017,2,0,0
제주시,제주러브랜드,2017,3,0,0
제주시,제주러브랜드,2017,4,0,0
제주시,제주러브랜드,2017,5,0,0
제주시,제주러브랜드,2017,6,0,0
제주시,제주러브랜드,2017,7,0,0
제주시,제주러브랜드,2017,8,0,0
제주시,제주러브랜드,2017,9,0,0
제주시,제주러브랜드,2017,10,0,0
제주시,제주러브랜드,2017,11,0,0
제주시,제주러브랜드,2017,12,0,0
제주시,제주러브랜드,2018,1,0,0
제주시,제주러브랜드,2018,2,0,0
제주시,제주러브랜드,2018,3,0,0
제주시,제주러브랜드,2018,4,0,0
제주시,제주러브랜드,2018,5,0,0
제주시,제주러브랜드,2018,6,0,0
제주시,제주러브랜드,2018,7,0,0
제주시,제주러브랜드,2018,8,0,0
제주시,제주러브랜드,2018,9,0,0
제주시,제주러브랜드,2018,10,0,0
제주시,제주러브랜드,2018,11,0,0
제주시,제주러브랜드,2018,12,0,0
제주시,제주러브랜드,2019,1,0,0
제주시,제주러브랜드,2019,2,0,0
제주시,제주러브랜드,2019,3,0,0
제주시,제주러브랜드,2019,4,0,0
제주시,제주러브랜드,2019,5,0,0
제주시,제주러브랜드,2019,6,0,0
제주시,제주러브랜드,2019,7,0,0
제주시,제주러브랜드,2019,8,0,0
제주시,제주러브랜드,2019,9,0,0
제주시,제주러브랜드,2019,10,0,0
제주시,제주러브랜드,2019,11,0,0
제주시,제주러브랜드,2019,12,0,0
제주시,제주목관아지,2015,1,5851,592
제주시,제주목관아지,2015,2,8736,1117
제주시,제주목관아지,2015,3,8897,1070
제주시,제주목관아지,2015,4,12881,1386
제주시,제주목관아지,2015,5,20800,1401
제주시,제주목관아지,2015,6,13435,1025
제주시,제주목관아지,2015,7,16623,436
제주시,제주목관아지,2015,8,12707,801
제주시,제주목관아지,2015,9,16600,1124
제주시,제주목관아지,2015,10,17545,1068
제주시,제주목관아지,2015,11,8836,485
제주시,제주목관아지,2015,12,4831,622
제주시,제주목관아지,2016,1,5124,550
제주시,제주목관아지,2016,2,12344,1513
제주시,제주목관아지,2016,3,6847,1080
제주시,제주목관아지,2016,4,13989,1104
제주시,제주목관아지,2016,5,18257,1923
제주시,제주목관아지,2016,6,13825,1054
제주시,제주목관아지,2016,7,15688,1363
제주시,제주목관아지,2016,8,17865,1249
제주시,제주목관아지,2016,9,15998,2095
제주시,제주목관아지,2016,10,18992,2033
제주시,제주목관아지,2016,11,14389,1093
제주시,제주목관아지,2016,12,14323,692
제주시,제주목관아지,2017,1,10667,1119
제주시,제주목관아지,2017,2,11850,799
제주시,제주목관아지,2017,3,8592,1207
제주시,제주목관아지,2017,4,10308,1954
제주시,제주목관아지,2017,5,20511,699
제주시,제주목관아지,2017,6,14525,651
제주시,제주목관아지,2017,7,17459,627
제주시,제주목관아지,2017,8,18552,1425
제주시,제주목관아지,2017,9,17120,1043
제주시,제주목관아지,2017,10,21693,1683
제주시,제주목관아지,2017,11,14560,713
제주시,제주목관아지,2017,12,14791,646
제주시,제주목관아지,2018,1,11640,584
제주시,제주목관아지,2018,2,11777,1063
제주시,제주목관아지,2018,3,12078,1267
제주시,제주목관아지,2018,4,11759,1160
제주시,제주목관아지,2018,5,20149,1517
제주시,제주목관아지,2018,6,13607,1647
제주시,제주목관아지,2018,7,16922,1237
제주시,제주목관아지,2018,8,18606,1903
제주시,제주목관아지,2018,9,19532,1433
제주시,제주목관아지,2018,10,23381,2274
제주시,제주목관아지,2018,11,15134,2029
제주시,제주목관아지,2018,12,14182,1427
제주시,제주목관아지,2019,1,9915,1701
제주시,제주목관아지,2019,2,23147,3006
제주시,제주목관아지,2019,3,7437,2441
제주시,제주목관아지,2019,4,6748,3082
제주시,제주목관아지,2019,5,9394,3168
제주시,제주목관아지,2019,6,7770,3438
제주시,제주목관아지,2019,7,11211,3300
제주시,제주목관아지,2019,8,15574,4015
제주시,제주목관아지,2019,9,26390,3932
제주시,제주목관아지,2019,10,23094,4971
제주시,제주목관아지,2019,11,15063,3320
제주시,제주목관아지,2019,12,14427,3101
제주시,제주별빛누리공원,2015,1,6529,49
제주시,제주별빛누리공원,2015,2,5162,72
제주시,제주별빛누리공원,2015,3,6359,66
제주시,제주별빛누리공원,2015,4,6627,46
제주시,제주별빛누리공원,2015,5,12166,118
제주시,제주별빛누리공원,2015,6,5064,50
제주시,제주별빛누리공원,2015,7,9637,47
제주시,제주별빛누리공원,2015,8,14454,25
제주시,제주별빛누리공원,2015,9,8562,10
제주시,제주별빛누리공원,2015,10,10550,19
제주시,제주별빛누리공원,2015,11,5826,12
제주시,제주별빛누리공원,2015,12,6469,6
제주시,제주별빛누리공원,2016,1,5685,4
제주시,제주별빛누리공원,2016,2,5625,10
제주시,제주별빛누리공원,2016,3,6028,14
제주시,제주별빛누리공원,2016,4,4820,23
제주시,제주별빛누리공원,2016,5,9564,36
제주시,제주별빛누리공원,2016,6,6029,30
제주시,제주별빛누리공원,2016,7,9806,31
제주시,제주별빛누리공원,2016,8,16358,25
제주시,제주별빛누리공원,2016,9,8000,16
제주시,제주별빛누리공원,2016,10,7595,13
제주시,제주별빛누리공원,2016,11,8316,9
제주시,제주별빛누리공원,2016,12,7370,36
제주시,제주별빛누리공원,2017,1,6408,7
제주시,제주별빛누리공원,2017,2,5354,37
제주시,제주별빛누리공원,2017,3,7569,22
제주시,제주별빛누리공원,2017,4,6904,34
제주시,제주별빛누리공원,2017,5,12015,20
제주시,제주별빛누리공원,2017,6,6868,20
제주시,제주별빛누리공원,2017,7,9260,33
제주시,제주별빛누리공원,2017,8,15744,44
제주시,제주별빛누리공원,2017,9,9748,60
제주시,제주별빛누리공원,2017,10,7589,34
제주시,제주별빛누리공원,2017,11,9391,23
제주시,제주별빛누리공원,2017,12,6144,73
제주시,제주별빛누리공원,2018,1,5113,27
제주시,제주별빛누리공원,2018,2,3823,53
제주시,제주별빛누리공원,2018,3,7569,30
제주시,제주별빛누리공원,2018,4,6941,63
제주시,제주별빛누리공원,2018,5,12006,25
제주시,제주별빛누리공원,2018,6,7157,76
제주시,제주별빛누리공원,2018,7,8153,44
제주시,제주별빛누리공원,2018,8,12253,63
제주시,제주별빛누리공원,2018,9,5872,37
제주시,제주별빛누리공원,2018,10,7522,40
제주시,제주별빛누리공원,2018,11,6231,19
제주시,제주별빛누리공원,2018,12,2949,26
제주시,제주별빛누리공원,2019,1,3416,16
제주시,제주별빛누리공원,2019,2,2943,25
제주시,제주별빛누리공원,2019,3,6544,33
제주시,제주별빛누리공원,2019,4,4789,41
제주시,제주별빛누리공원,2019,5,11699,9
제주시,제주별빛누리공원,2019,6,4114,37
제주시,제주별빛누리공원,2019,7,5101,74
제주시,제주별빛누리공원,2019,8,0,0
제주시,제주별빛누리공원,2019,9,0,0
제주시,제주별빛누리공원,2019,10,804,0
제주시,제주별빛누리공원,2019,11,0,0
제주시,제주별빛누리공원,2019,12,0,0
제주시,제주항일기념관,2015,1,9523,15
제주시,제주항일기념관,2015,2,8495,21
제주시,제주항일기념관,2015,3,14152,18
제주시,제주항일기념관,2015,4,14103,14
제주시,제주항일기념관,2015,5,13605,17
제주시,제주항일기념관,2015,6,9003,10
제주시,제주항일기념관,2015,7,12416,19
제주시,제주항일기념관,2015,8,13016,26
제주시,제주항일기념관,2015,9,11083,12
제주시,제주항일기념관,2015,10,10557,15
제주시,제주항일기념관,2015,11,6961,10
제주시,제주항일기념관,2015,12,6086,16
제주시,제주항일기념관,2016,1,9626,7
제주시,제주항일기념관,2016,2,13201,4
제주시,제주항일기념관,2016,3,11091,37
제주시,제주항일기념관,2016,4,15586,51
제주시,제주항일기념관,2016,5,15324,60
제주시,제주항일기념관,2016,6,14598,33
제주시,제주항일기념관,2016,7,14927,47
제주시,제주항일기념관,2016,8,13997,38
제주시,제주항일기념관,2016,9,11174,37
제주시,제주항일기념관,2016,10,13918,48
제주시,제주항일기념관,2016,11,10403,12
제주시,제주항일기념관,2016,12,7543,19
제주시,제주항일기념관,2017,1,7549,25
제주시,제주항일기념관,2017,2,11505,18
제주시,제주항일기념관,2017,3,13697,0
제주시,제주항일기념관,2017,4,16075,109
제주시,제주항일기념관,2017,5,17847,62
제주시,제주항일기념관,2017,6,15309,50
제주시,제주항일기념관,2017,7,13373,48
제주시,제주항일기념관,2017,8,13558,25
제주시,제주항일기념관,2017,9,11470,23
제주시,제주항일기념관,2017,10,8277,35
제주시,제주항일기념관,2017,11,10100,27
제주시,제주항일기념관,2017,12,7519,17
제주시,제주항일기념관,2018,1,6092,0
제주시,제주항일기념관,2018,2,7090,65
제주시,제주항일기념관,2018,3,10313,105
제주시,제주항일기념관,2018,4,14041,185
제주시,제주항일기념관,2018,5,13890,134
제주시,제주항일기념관,2018,6,12059,121
제주시,제주항일기념관,2018,7,11375,65
제주시,제주항일기념관,2018,8,12188,121
제주시,제주항일기념관,2018,9,12028,88
제주시,제주항일기념관,2018,10,19279,134
제주시,제주항일기념관,2018,11,17358,141
제주시,제주항일기념관,2018,12,12163,72
제주시,제주항일기념관,2019,1,7531,41
제주시,제주항일기념관,2019,2,7093,45
제주시,제주항일기념관,2019,3,15349,78
제주시,제주항일기념관,2019,4,19011,151
제주시,제주항일기념관,2019,5,16511,113
제주시,제주항일기념관,2019,6,16192,88
제주시,제주항일기념관,2019,7,12397,56
제주시,제주항일기념관,2019,8,12673,85
제주시,제주항일기념관,2019,9,9954,52
제주시,제주항일기념관,2019,10,14165,82
제주시,제주항일기념관,2019,11,12100,71
제주시,제주항일기념관,2019,12,9660,59
제주시,한라산국립공원,2015,1,132372,18076
제주시,한라산국립공원,2015,2,83797,19417
제주시,한라산국립공원,2015,3,62780,24397
제주시,한라산국립공원,2015,4,90967,30213
제주시,한라산국립공원,2015,5,129088,31526
제주시,한라산국립공원,2015,6,62395,12514
제주시,한라산국립공원,2015,7,49620,3433
제주시,한라산국립공원,2015,8,66798,7939
제주시,한라산국립공원,2015,9,66504,15679
제주시,한라산국립공원,2015,10,129101,20454
제주시,한라산국립공원,2015,11,80692,15076
제주시,한라산국립공원,2015,12,82894,19999
제주시,한라산국립공원,2016,1,110676,15348
제주시,한라산국립공원,2016,2,81192,21189
제주시,한라산국립공원,2016,3,62151,21334
제주시,한라산국립공원,2016,4,65784,16544
제주시,한라산국립공원,2016,5,87270,16237
제주시,한라산국립공원,2016,6,63040,17805
제주시,한라산국립공원,2016,7,46377,16548
제주시,한라산국립공원,2016,8,57055,17981
제주시,한라산국립공원,2016,9,54815,17011
제주시,한라산국립공원,2016,10,84357,20702
제주시,한라산국립공원,2016,11,78350,13943
제주시,한라산국립공원,2016,12,68343,11846
제주시,한라산국립공원,2017,1,99008,9702
제주시,한라산국립공원,2017,2,81100,10537
제주시,한라산국립공원,2017,3,60743,4700
제주시,한라산국립공원,2017,4,69454,3937
제주시,한라산국립공원,2017,5,103441,5157
제주시,한라산국립공원,2017,6,71996,4201
제주시,한라산국립공원,2017,7,47953,4303
제주시,한라산국립공원,2017,8,50954,3238
제주시,한라산국립공원,2017,9,58184,3902
제주시,한라산국립공원,2017,10,113636,5467
제주시,한라산국립공원,2017,11,92223,3770
제주시,한라산국립공원,2017,12,86287,7544
제주시,한라산국립공원,2018,1,99008,9702
제주시,한라산국립공원,2018,2,44174,3063
제주시,한라산국립공원,2018,3,60701,5634
제주시,한라산국립공원,2018,4,69402,5795
제주시,한라산국립공원,2018,5,91647,6263
제주시,한라산국립공원,2018,6,73162,7380
제주시,한라산국립공원,2018,7,42170,4122
제주시,한라산국립공원,2018,8,52696,5571
제주시,한라산국립공원,2018,9,53908,7077
제주시,한라산국립공원,2018,10,102828,9452
제주시,한라산국립공원,2018,11,74379,7900
제주시,한라산국립공원,2018,12,44749,8186
제주시,한라산국립공원,2019,1,96959,9526
제주시,한라산국립공원,2019,2,60332,7223
제주시,한라산국립공원,2019,3,49557,6980
제주시,한라산국립공원,2019,4,54897,6233
제주시,한라산국립공원,2019,5,78204,8012
제주시,한라산국립공원,2019,6,58051,8306
제주시,한라산국립공원,2019,7,36739,6273
제주시,한라산국립공원,2019,8,42263,6530
제주시,한라산국립공원,2019,9,40021,6497
제주시,한라산국립공원,2019,10,91128,8995
제주시,한라산국립공원,2019,11,85072,7910
제주시,한라산국립공원,2019,12,64633,7938
제주시,한림공원,2015,1,0,0
제주시,한림공원,2015,2,0,0
제주시,한림공원,2015,3,0,0
제주시,한림공원,2015,4,0,0
제주시,한림공원,2015,5,0,0
제주시,한림공원,2015,6,0,0
제주시,한림공원,2015,7,0,0
제주시,한림공원,2015,8,0,0
제주시,한림공원,2015,9,0,0
제주시,한림공원,2015,10,0,0
제주시,한림공원,2015,11,0,0
제주시,한림공원,2015,12,0,0
제주시,한림공원,2016,1,0,0
제주시,한림공원,2016,2,0,0
제주시,한림공원,2016,3,0,0
제주시,한림공원,2016,4,0,0
제주시,한림공원,2016,5,0,0
제주시,한림공원,2016,6,0,0
제주시,한림공원,2016,7,0,0
제주시,한림공원,2016,8,0,0
제주시,한림공원,2016,9,0,0
제주시,한림공원,2016,10,0,0
제주시,한림공원,2016,11,0,0
제주시,한림공원,2016,12,0,0
제주시,한림공원,2017,1,0,0
제주시,한림공원,2017,2,0,0
제주시,한림공원,2017,3,0,0
제주시,한림공원,2017,4,0,0
제주시,한림공원,2017,5,0,0
제주시,한림공원,2017,6,0,0
제주시,한림공원,2017,7,0,0
제주시,한림공원,2017,8,0,0
제주시,한림공원,2017,9,0,0
제주시,한림공원,2017,10,0,0
제주시,한림공원,2017,11,0,0
제주시,한림공원,2017,12,0,0
제주시,한림공원,2018,1,0,0
제주시,한림공원,2018,2,0,0
제주시,한림공원,2018,3,0,0
제주시,한림공원,2018,4,0,0
제주시,한림공원,2018,5,0,0
제주시,한림공원,2018,6,0,0
제주시,한림공원,2018,7,0,0
제주시,한림공원,2018,8,0,0
제주시,한림공원,2018,9,0,0
제주시,한림공원,2018,10,0,0
제주시,한림공원,2018,11,0,0
제주시,한림공원,2018,12,0,0
제주시,한림공원,2019,1,0,0
제주시,한림공원,2019,2,0,0
제주시,한림공원,2019,3,0,0
제주시,한림공원,2019,4,0,0
제주시,한림공원,2019,5,0,0
제주시,한림공원,2019,6,0,0
제주시,한림공원,2019,7,0,0
제주시,한림공원,2019,8,0,0
제주시,한림공원,2019,9,0,0
제주시,한림공원,2019,10,0,0
제주시,한림공원,2019,11,0,0
제주시,한림공원,2019,12,0,0
제주시,항몽 유적지,2015,1,2296,15
제주시,항몽 유적지,2015,2,1831,29
제주시,항몽 유적지,2015,3,4045,31
제주시,항몽 유적지,2015,4,5137,22
제주시,항몽 유적지,2015,5,9071,37
제주시,항몽 유적지,2015,6,6602,28
제주시,항몽 유적지,2015,7,5522,26
제주시,항몽 유적지,2015,8,4983,9
제주시,항몽 유적지,2015,9,8945,38
제주시,항몽 유적지,2015,10,6856,86
제주시,항몽 유적지,2015,11,3561,38
제주시,항몽 유적지,2015,12,2091,17
제주시,항몽 유적지,2016,1,2339,17
제주시,항몽 유적지,2016,2,2099,27
제주시,항몽 유적지,2016,3,4223,21
제주시,항몽 유적지,2016,4,5181,57
제주시,항몽 유적지,2016,5,9227,63
제주시,항몽 유적지,2016,6,7885,60
제주시,항몽 유적지,2016,7,7628,68
제주시,항몽 유적지,2016,8,5492,34
제주시,항몽 유적지,2016,9,8786,69
제주시,항몽 유적지,2016,10,8272,52
제주시,항몽 유적지,2016,11,5338,53
제주시,항몽 유적지,2016,12,2854,52
제주시,항몽 유적지,2017,1,2796,47
제주시,항몽 유적지,2017,2,2550,3
제주시,항몽 유적지,2017,3,5239,41
제주시,항몽 유적지,2017,4,6593,33
제주시,항몽 유적지,2017,5,9561,84
제주시,항몽 유적지,2017,6,9113,57
제주시,항몽 유적지,2017,7,8077,71
제주시,항몽 유적지,2017,8,6054,58
제주시,항몽 유적지,2017,9,10135,105
제주시,항몽 유적지,2017,10,9319,52
제주시,항몽 유적지,2017,11,10303,85
제주시,항몽 유적지,2017,12,4191,34
제주시,항몽 유적지,2018,1,3812,26
제주시,항몽 유적지,2018,2,3999,57
제주시,항몽 유적지,2018,3,6021,93
제주시,항몽 유적지,2018,4,12431,190
제주시,항몽 유적지,2018,5,12282,196
제주시,항몽 유적지,2018,6,13751,338
제주시,항몽 유적지,2018,7,8512,412
제주시,항몽 유적지,2018,8,7152,166
제주시,항몽 유적지,2018,9,8126,213
제주시,항몽 유적지,2018,10,13629,471
제주시,항몽 유적지,2018,11,15775,277
제주시,항몽 유적지,2018,12,6703,163
제주시,항몽 유적지,2019,1,5890,222
제주시,항몽 유적지,2019,2,4222,81
제주시,항몽 유적지,2019,3,6253,205
제주시,항몽 유적지,2019,4,11516,1416
제주시,항몽 유적지,2019,5,12690,344
제주시,항몽 유적지,2019,6,14443,621
제주시,항몽 유적지,2019,7,11609,640
제주시,항몽 유적지,2019,8,8907,344
제주시,항몽 유적지,2019,9,8538,399
제주시,항몽 유적지,2019,10,11084,480
제주시,항몽 유적지,2019,11,11707,509
제주시,항몽 유적지,2019,12,6660,676
제주시,해녀 박물관,2015,1,0,0
제주시,해녀 박물관,2015,2,0,0
제주시,해녀 박물관,2015,3,4803,262
제주시,해녀 박물관,2015,4,9364,1591
제주시,해녀 박물관,2015,5,8639,1603
제주시,해녀 박물관,2015,6,6341,556
제주시,해녀 박물관,2015,7,9379,181
제주시,해녀 박물관,2015,8,12487,446
제주시,해녀 박물관,2015,9,9244,946
제주시,해녀 박물관,2015,10,44665,4553
제주시,해녀 박물관,2015,11,10556,1566
제주시,해녀 박물관,2015,12,7700,652
제주시,해녀 박물관,2016,1,10173,304
제주시,해녀 박물관,2016,2,7960,361
제주시,해녀 박물관,2016,3,7310,1398
제주시,해녀 박물관,2016,4,12047,1629
제주시,해녀 박물관,2016,5,11762,1745
제주시,해녀 박물관,2016,6,10307,1636
제주시,해녀 박물관,2016,7,12034,1621
제주시,해녀 박물관,2016,8,12739,1617
제주시,해녀 박물관,2016,9,30106,2526
제주시,해녀 박물관,2016,10,12939,2181
제주시,해녀 박물관,2016,11,8929,699
제주시,해녀 박물관,2016,12,10189,856
제주시,해녀 박물관,2017,1,10761,352
제주시,해녀 박물관,2017,2,10368,384
제주시,해녀 박물관,2017,3,9147,802
제주시,해녀 박물관,2017,4,13329,1403
제주시,해녀 박물관,2017,5,14006,920
제주시,해녀 박물관,2017,6,11901,980
제주시,해녀 박물관,2017,7,14185,744
제주시,해녀 박물관,2017,8,15450,520
제주시,해녀 박물관,2017,9,25683,373
제주시,해녀 박물관,2017,10,18088,1305
제주시,해녀 박물관,2017,11,9924,303
제주시,해녀 박물관,2017,12,14182,3186
제주시,해녀 박물관,2018,1,15798,3465
제주시,해녀 박물관,2018,2,8805,3087
제주시,해녀 박물관,2018,3,8580,1178
제주시,해녀 박물관,2018,4,13255,1549
제주시,해녀 박물관,2018,5,14332,1024
제주시,해녀 박물관,2018,6,13618,3013
제주시,해녀 박물관,2018,7,14216,644
제주시,해녀 박물관,2018,8,15536,384
제주시,해녀 박물관,2018,9,31030,560
제주시,해녀 박물관,2018,10,10134,3356
제주시,해녀 박물관,2018,11,9106,2659
제주시,해녀 박물관,2018,12,7139,2165
제주시,해녀 박물관,2019,1,10457,2861
제주시,해녀 박물관,2019,2,9548,2762
제주시,해녀 박물관,2019,3,9129,953
제주시,해녀 박물관,2019,4,11080,2260
제주시,해녀 박물관,2019,5,12437,1958
제주시,해녀 박물관,2019,6,12925,2128
제주시,해녀 박물관,2019,7,13334,2114
제주시,해녀 박물관,2019,8,14494,2555
제주시,해녀 박물관,2019,9,10223,2474
제주시,해녀 박물관,2019,10,10823,2651
제주시,해녀 박물관,2019,11,11815,1127
제주시,해녀 박물관,2019,12,9394,1948
서귀포시,감귤박물관,2015,1,6182,0
서귀포시,감귤박물관,2015,2,4749,0
서귀포시,감귤박물관,2015,3,4369,8
서귀포시,감귤박물관,2015,4,6109,95
서귀포시,감귤박물관,2015,5,6451,13
서귀포시,감귤박물관,2015,6,4541,40
서귀포시,감귤박물관,2015,7,5524,4
서귀포시,감귤박물관,2015,8,6528,118
서귀포시,감귤박물관,2015,9,5239,398
서귀포시,감귤박물관,2015,10,6494,91
서귀포시,감귤박물관,2015,11,17091,322
서귀포시,감귤박물관,2015,12,6231,71
서귀포시,감귤박물관,2016,1,6641,75
서귀포시,감귤박물관,2016,2,7469,106
서귀포시,감귤박물관,2016,3,4644,28
서귀포시,감귤박물관,2016,4,6301,44
서귀포시,감귤박물관,2016,5,7905,124
서귀포시,감귤박물관,2016,6,6245,86
서귀포시,감귤박물관,2016,7,6837,109
서귀포시,감귤박물관,2016,8,9651,331
서귀포시,감귤박물관,2016,9,7753,127
서귀포시,감귤박물관,2016,10,8555,161
서귀포시,감귤박물관,2016,11,7568,137
서귀포시,감귤박물관,2016,12,8454,215
서귀포시,감귤박물관,2017,1,7537,84
서귀포시,감귤박물관,2017,2,7453,213
서귀포시,감귤박물관,2017,3,5198,83
서귀포시,감귤박물관,2017,4,9258,292
서귀포시,감귤박물관,2017,5,9282,128
서귀포시,감귤박물관,2017,6,6224,42
서귀포시,감귤박물관,2017,7,7165,120
서귀포시,감귤박물관,2017,8,8049,143
서귀포시,감귤박물관,2017,9,6639,70
서귀포시,감귤박물관,2017,10,8701,37
서귀포시,감귤박물관,2017,11,9324,36
서귀포시,감귤박물관,2017,12,23559,56
서귀포시,감귤박물관,2018,1,15673,0
서귀포시,감귤박물관,2018,2,9306,77
서귀포시,감귤박물관,2018,3,8730,39
서귀포시,감귤박물관,2018,4,8989,130
서귀포시,감귤박물관,2018,5,15238,45
서귀포시,감귤박물관,2018,6,7922,153
서귀포시,감귤박물관,2018,7,8549,136
서귀포시,감귤박물관,2018,8,10139,107
서귀포시,감귤박물관,2018,9,8968,85
서귀포시,감귤박물관,2018,10,10382,114
서귀포시,감귤박물관,2018,11,9068,210
서귀포시,감귤박물관,2018,12,22893,261
서귀포시,감귤박물관,2019,1,11450,24
서귀포시,감귤박물관,2019,2,10454,95
서귀포시,감귤박물관,2019,3,7736,134
서귀포시,감귤박물관,2019,4,5453,225
서귀포시,감귤박물관,2019,5,10654,444
서귀포시,감귤박물관,2019,6,6825,366
서귀포시,감귤박물관,2019,7,9472,250
서귀포시,감귤박물관,2019,8,8654,264
서귀포시,감귤박물관,2019,9,7560,209
서귀포시,감귤박물관,2019,10,12289,62
서귀포시,감귤박물관,2019,11,16150,5
서귀포시,감귤박물관,2019,12,17695,67
서귀포시,기당미술관,2015,1,654,2
서귀포시,기당미술관,2015,2,569,5
서귀포시,기당미술관,2015,3,793,3
서귀포시,기당미술관,2015,4,0,0
서귀포시,기당미술관,2015,5,586,0
서귀포시,기당미술관,2015,6,545,2
서귀포시,기당미술관,2015,7,797,10
서귀포시,기당미술관,2015,8,1048,0
서귀포시,기당미술관,2015,9,791,3
서귀포시,기당미술관,2015,10,943,3
서귀포시,기당미술관,2015,11,1250,21
서귀포시,기당미술관,2015,12,845,4
서귀포시,기당미술관,2016,1,1066,11
서귀포시,기당미술관,2016,2,1078,4
서귀포시,기당미술관,2016,3,538,7
서귀포시,기당미술관,2016,4,887,20
서귀포시,기당미술관,2016,5,924,3
서귀포시,기당미술관,2016,6,815,7
서귀포시,기당미술관,2016,7,793,8
서귀포시,기당미술관,2016,8,830,26
서귀포시,기당미술관,2016,9,677,179
서귀포시,기당미술관,2016,10,914,7
서귀포시,기당미술관,2016,11,815,2
서귀포시,기당미술관,2016,12,1039,25
서귀포시,기당미술관,2017,1,914,0
서귀포시,기당미술관,2017,2,621,0
서귀포시,기당미술관,2017,3,512,31
서귀포시,기당미술관,2017,4,1059,32
서귀포시,기당미술관,2017,5,2742,30
서귀포시,기당미술관,2017,6,2629,2
서귀포시,기당미술관,2017,7,1337,7
서귀포시,기당미술관,2017,8,1720,4
서귀포시,기당미술관,2017,9,1315,0
서귀포시,기당미술관,2017,10,1293,2
서귀포시,기당미술관,2017,11,1418,0
서귀포시,기당미술관,2017,12,1435,0
서귀포시,기당미술관,2018,1,1496,7
서귀포시,기당미술관,2018,2,1078,0
서귀포시,기당미술관,2018,3,1172,0
서귀포시,기당미술관,2018,4,1546,0
서귀포시,기당미술관,2018,5,1689,6
서귀포시,기당미술관,2018,6,1929,5
서귀포시,기당미술관,2018,7,2596,2
서귀포시,기당미술관,2018,8,3591,4
서귀포시,기당미술관,2018,9,2234,6
서귀포시,기당미술관,2018,10,1708,4
서귀포시,기당미술관,2018,11,1246,8
서귀포시,기당미술관,2018,12,1714,3
서귀포시,기당미술관,2019,1,1753,3
서귀포시,기당미술관,2019,2,1363,8
서귀포시,기당미술관,2019,3,1454,1
서귀포시,기당미술관,2019,4,1410,6
서귀포시,기당미술관,2019,5,1701,3
서귀포시,기당미술관,2019,6,2194,5
서귀포시,기당미술관,2019,7,2768,8
서귀포시,기당미술관,2019,8,3495,7
서귀포시,기당미술관,2019,9,4408,0
서귀포시,기당미술관,2019,10,2035,4
서귀포시,기당미술관,2019,11,2013,0
서귀포시,기당미술관,2019,12,1618,4
서귀포시,마라해양도립공원,2015,1,33141,0
서귀포시,마라해양도립공원,2015,2,28809,0
서귀포시,마라해양도립공원,2015,3,41343,0
서귀포시,마라해양도립공원,2015,4,51218,0
서귀포시,마라해양도립공원,2015,5,55600,0
서귀포시,마라해양도립공원,2015,6,28605,0
서귀포시,마라해양도립공원,2015,7,24714,0
서귀포시,마라해양도립공원,2015,8,47092,0
서귀포시,마라해양도립공원,2015,9,36038,0
서귀포시,마라해양도립공원,2015,10,46777,0
서귀포시,마라해양도립공원,2015,11,37647,0
서귀포시,마라해양도립공원,2015,12,27358,0
서귀포시,마라해양도립공원,2016,1,32139,0
서귀포시,마라해양도립공원,2016,2,27367,0
서귀포시,마라해양도립공원,2016,3,40462,0
서귀포시,마라해양도립공원,2016,4,56429,0
서귀포시,마라해양도립공원,2016,5,49659,0
서귀포시,마라해양도립공원,2016,6,36113,0
서귀포시,마라해양도립공원,2016,7,34918,0
서귀포시,마라해양도립공원,2016,8,45339,0
서귀포시,마라해양도립공원,2016,9,35623,0
서귀포시,마라해양도립공원,2016,10,38228,0
서귀포시,마라해양도립공원,2016,11,40425,0
서귀포시,마라해양도립공원,2016,12,24861,0
서귀포시,마라해양도립공원,2017,1,32903,0
서귀포시,마라해양도립공원,2017,2,30750,0
서귀포시,마라해양도립공원,2017,3,48786,0
서귀포시,마라해양도립공원,2017,4,83146,0
서귀포시,마라해양도립공원,2017,5,92811,0
서귀포시,마라해양도립공원,2017,6,69504,0
서귀포시,마라해양도립공원,2017,7,63241,0
서귀포시,마라해양도립공원,2017,8,65548,0
서귀포시,마라해양도립공원,2017,9,53802,0
서귀포시,마라해양도립공원,2017,10,47208,0
서귀포시,마라해양도립공원,2017,11,60756,0
서귀포시,마라해양도립공원,2017,12,36607,0
서귀포시,마라해양도립공원,2018,1,36905,0
서귀포시,마라해양도립공원,2018,2,29063,0
서귀포시,마라해양도립공원,2018,3,45322,0
서귀포시,마라해양도립공원,2018,4,74656,0
서귀포시,마라해양도립공원,2018,5,42726,0
서귀포시,마라해양도립공원,2018,6,45749,0
서귀포시,마라해양도립공원,2018,7,31047,0
서귀포시,마라해양도립공원,2018,8,35726,0
서귀포시,마라해양도립공원,2018,9,35051,0
서귀포시,마라해양도립공원,2018,10,52143,0
서귀포시,마라해양도립공원,2018,11,49684,0
서귀포시,마라해양도립공원,2018,12,24927,0
서귀포시,마라해양도립공원,2019,1,55128,0
서귀포시,마라해양도립공원,2019,2,47417,0
서귀포시,마라해양도립공원,2019,3,84978,0
서귀포시,마라해양도립공원,2019,4,144298,0
서귀포시,마라해양도립공원,2019,5,119349,0
서귀포시,마라해양도립공원,2019,6,71865,0
서귀포시,마라해양도립공원,2019,7,44954,0
서귀포시,마라해양도립공원,2019,8,57785,0
서귀포시,마라해양도립공원,2019,9,51525,0
서귀포시,마라해양도립공원,2019,10,85264,0
서귀포시,마라해양도립공원,2019,11,71635,0
서귀포시,마라해양도립공원,2019,12,42645,0
서귀포시,박물관은살아있다,2015,1,0,0
서귀포시,박물관은살아있다,2015,2,0,0
서귀포시,박물관은살아있다,2015,3,0,0
서귀포시,박물관은살아있다,2015,4,0,0
서귀포시,박물관은살아있다,2015,5,0,0
서귀포시,박물관은살아있다,2015,6,0,0
서귀포시,박물관은살아있다,2015,7,0,0
서귀포시,박물관은살아있다,2015,8,0,0
서귀포시,박물관은살아있다,2015,9,0,0
서귀포시,박물관은살아있다,2015,10,0,0
서귀포시,박물관은살아있다,2015,11,0,0
서귀포시,박물관은살아있다,2015,12,0,0
서귀포시,박물관은살아있다,2016,1,0,0
서귀포시,박물관은살아있다,2016,2,0,0
서귀포시,박물관은살아있다,2016,3,0,0
서귀포시,박물관은살아있다,2016,4,0,0
서귀포시,박물관은살아있다,2016,5,0,0
서귀포시,박물관은살아있다,2016,6,0,0
서귀포시,박물관은살아있다,2016,7,0,0
서귀포시,박물관은살아있다,2016,8,0,0
서귀포시,박물관은살아있다,2016,9,0,0
서귀포시,박물관은살아있다,2016,10,0,0
서귀포시,박물관은살아있다,2016,11,0,0
서귀포시,박물관은살아있다,2016,12,0,0
서귀포시,박물관은살아있다,2017,1,0,0
서귀포시,박물관은살아있다,2017,2,0,0
서귀포시,박물관은살아있다,2017,3,0,0
서귀포시,박물관은살아있다,2017,4,0,0
서귀포시,박물관은살아있다,2017,5,0,0
서귀포시,박물관은살아있다,2017,6,0,0
서귀포시,박물관은살아있다,2017,7,0,0
서귀포시,박물관은살아있다,2017,8,0,0
서귀포시,박물관은살아있다,2017,9,0,0
서귀포시,박물관은살아있다,2017,10,0,0
서귀포시,박물관은살아있다,2017,11,0,0
서귀포시,박물관은살아있다,2017,12,0,0
서귀포시,박물관은살아있다,2018,1,0,0
서귀포시,박물관은살아있다,2018,2,0,0
서귀포시,박물관은살아있다,2018,3,0,0
서귀포시,박물관은살아있다,2018,4,0,0
서귀포시,박물관은살아있다,2018,5,0,0
서귀포시,박물관은살아있다,2018,6,0,0
서귀포시,박물관은살아있다,2018,7,0,0
서귀포시,박물관은살아있다,2018,8,0,0
서귀포시,박물관은살아있다,2018,9,0,0
서귀포시,박물관은살아있다,2018,10,0,0
서귀포시,박물관은살아있다,2018,11,0,0
서귀포시,박물관은살아있다,2018,12,0,0
서귀포시,박물관은살아있다,2019,1,29525,1239
서귀포시,박물관은살아있다,2019,2,33677,2039
서귀포시,박물관은살아있다,2019,3,28011,1185
서귀포시,박물관은살아있다,2019,4,42324,2033
서귀포시,박물관은살아있다,2019,5,52571,2027
서귀포시,박물관은살아있다,2019,6,33433,2853
서귀포시,박물관은살아있다,2019,7,38489,3428
서귀포시,박물관은살아있다,2019,8,49858,4004
서귀포시,박물관은살아있다,2019,9,34947,2205
서귀포시,박물관은살아있다,2019,10,39743,2825
서귀포시,박물관은살아있다,2019,11,24608,1900
서귀포시,박물관은살아있다,2019,12,25771,1833
서귀포시,산방산,2015,1,29928,214
서귀포시,산방산,2015,2,37213,300
서귀포시,산방산,2015,3,55261,1226
서귀포시,산방산,2015,4,59231,657
서귀포시,산방산,2015,5,78206,519
서귀포시,산방산,2015,6,35371,410
서귀포시,산방산,2015,7,18578,50
서귀포시,산방산,2015,8,38845,250
서귀포시,산방산,2015,9,27167,427
서귀포시,산방산,2015,10,55520,684
서귀포시,산방산,2015,11,38035,299
서귀포시,산방산,2015,12,32070,197
서귀포시,산방산,2016,1,44262,142
서귀포시,산방산,2016,2,44728,338
서귀포시,산방산,2016,3,55671,710
서귀포시,산방산,2016,4,58276,734
서귀포시,산방산,2016,5,73669,612
서귀포시,산방산,2016,6,43326,642
서귀포시,산방산,2016,7,28209,552
서귀포시,산방산,2016,8,30049,737
서귀포시,산방산,2016,9,25504,1004
서귀포시,산방산,2016,10,39157,1159
서귀포시,산방산,2016,11,32683,628
서귀포시,산방산,2016,12,31241,438
서귀포시,산방산,2017,1,33871,308
서귀포시,산방산,2017,2,42434,391
서귀포시,산방산,2017,3,72711,802
서귀포시,산방산,2017,4,108876,3270
서귀포시,산방산,2017,5,87792,839
서귀포시,산방산,2017,6,53429,536
서귀포시,산방산,2017,7,31100,613
서귀포시,산방산,2017,8,26469,333
서귀포시,산방산,2017,9,38747,337
서귀포시,산방산,2017,10,48208,536
서귀포시,산방산,2017,11,52589,601
서귀포시,산방산,2017,12,37047,415
서귀포시,산방산,2018,1,40749,205
서귀포시,산방산,2018,2,37768,432
서귀포시,산방산,2018,3,50592,651
서귀포시,산방산,2018,4,60326,1221
서귀포시,산방산,2018,5,51272,821
서귀포시,산방산,2018,6,34538,865
서귀포시,산방산,2018,7,19925,531
서귀포시,산방산,2018,8,15635,502
서귀포시,산방산,2018,9,25677,604
서귀포시,산방산,2018,10,50972,1714
서귀포시,산방산,2018,11,37190,1660
서귀포시,산방산,2018,12,28204,758
서귀포시,산방산,2019,1,41984,721
서귀포시,산방산,2019,2,34185,845
서귀포시,산방산,2019,3,56821,1360
서귀포시,산방산,2019,4,61411,1468
서귀포시,산방산,2019,5,62916,1487
서귀포시,산방산,2019,6,41940,1048
서귀포시,산방산,2019,7,29765,1076
서귀포시,산방산,2019,8,24662,894
서귀포시,산방산,2019,9,23171,763
서귀포시,산방산,2019,10,37376,925
서귀포시,산방산,2019,11,33606,691
서귀포시,산방산,2019,12,32770,995
서귀포시,서귀포도립해양공원,2015,1,14088,0
서귀포시,서귀포도립해양공원,2015,2,11030,0
서귀포시,서귀포도립해양공원,2015,3,15802,0
서귀포시,서귀포도립해양공원,2015,4,20275,0
서귀포시,서귀포도립해양공원,2015,5,20628,0
서귀포시,서귀포도립해양공원,2015,6,11895,0
서귀포시,서귀포도립해양공원,2015,7,11805,0
서귀포시,서귀포도립해양공원,2015,8,22923,0
서귀포시,서귀포도립해양공원,2015,9,16090,0
서귀포시,서귀포도립해양공원,2015,10,23090,0
서귀포시,서귀포도립해양공원,2015,11,15008,0
서귀포시,서귀포도립해양공원,2015,12,13010,0
서귀포시,서귀포도립해양공원,2016,1,13235,0
서귀포시,서귀포도립해양공원,2016,2,14386,0
서귀포시,서귀포도립해양공원,2016,3,16528,0
서귀포시,서귀포도립해양공원,2016,4,22552,0
서귀포시,서귀포도립해양공원,2016,5,20055,0
서귀포시,서귀포도립해양공원,2016,6,16959,0
서귀포시,서귀포도립해양공원,2016,7,17612,0
서귀포시,서귀포도립해양공원,2016,8,24280,0
서귀포시,서귀포도립해양공원,2016,9,17313,0
서귀포시,서귀포도립해양공원,2016,10,20381,0
서귀포시,서귀포도립해양공원,2016,11,16556,0
서귀포시,서귀포도립해양공원,2016,12,9444,0
서귀포시,서귀포도립해양공원,2017,1,12674,0
서귀포시,서귀포도립해양공원,2017,2,11195,0
서귀포시,서귀포도립해양공원,2017,3,12491,0
서귀포시,서귀포도립해양공원,2017,4,18502,0
서귀포시,서귀포도립해양공원,2017,5,18117,0
서귀포시,서귀포도립해양공원,2017,6,13900,0
서귀포시,서귀포도립해양공원,2017,7,13201,0
서귀포시,서귀포도립해양공원,2017,8,16928,0
서귀포시,서귀포도립해양공원,2017,9,12790,0
서귀포시,서귀포도립해양공원,2017,10,16527,0
서귀포시,서귀포도립해양공원,2017,11,11923,0
서귀포시,서귀포도립해양공원,2017,12,10212,0
서귀포시,서귀포도립해양공원,2018,1,10370,0
서귀포시,서귀포도립해양공원,2018,2,8639,0
서귀포시,서귀포도립해양공원,2018,3,10890,0
서귀포시,서귀포도립해양공원,2018,4,15863,0
서귀포시,서귀포도립해양공원,2018,5,15221,0
서귀포시,서귀포도립해양공원,2018,6,15917,0
서귀포시,서귀포도립해양공원,2018,7,15505,0
서귀포시,서귀포도립해양공원,2018,8,18912,0
서귀포시,서귀포도립해양공원,2018,9,13796,0
서귀포시,서귀포도립해양공원,2018,10,13201,0
서귀포시,서귀포도립해양공원,2018,11,10940,0
서귀포시,서귀포도립해양공원,2018,12,9886,0
서귀포시,서귀포도립해양공원,2019,1,12960,0
서귀포시,서귀포도립해양공원,2019,2,14697,0
서귀포시,서귀포도립해양공원,2019,3,15716,0
서귀포시,서귀포도립해양공원,2019,4,18931,0
서귀포시,서귀포도립해양공원,2019,5,18023,0
서귀포시,서귀포도립해양공원,2019,6,15908,0
서귀포시,서귀포도립해양공원,2019,7,17292,0
서귀포시,서귀포도립해양공원,2019,8,24830,0
서귀포시,서귀포도립해양공원,2019,9,15508,0
서귀포시,서귀포도립해양공원,2019,10,20920,0
서귀포시,서귀포도립해양공원,2019,11,16406,0
서귀포시,서귀포도립해양공원,2019,12,15224,0
서귀포시,서귀포자연휴양림,2015,1,4922,0
서귀포시,서귀포자연휴양림,2015,2,4161,0
서귀포시,서귀포자연휴양림,2015,3,7394,3
서귀포시,서귀포자연휴양림,2015,4,10299,32
서귀포시,서귀포자연휴양림,2015,5,15787,28
서귀포시,서귀포자연휴양림,2015,6,11021,14
서귀포시,서귀포자연휴양림,2015,7,17447,14
서귀포시,서귀포자연휴양림,2015,8,30358,5
서귀포시,서귀포자연휴양림,2015,9,21106,53
서귀포시,서귀포자연휴양림,2015,10,20845,22
서귀포시,서귀포자연휴양림,2015,11,9727,18
서귀포시,서귀포자연휴양림,2015,12,6468,10
서귀포시,서귀포자연휴양림,2016,1,4345,7
서귀포시,서귀포자연휴양림,2016,2,5217,3
서귀포시,서귀포자연휴양림,2016,3,6288,16
서귀포시,서귀포자연휴양림,2016,4,9253,0
서귀포시,서귀포자연휴양림,2016,5,13432,7
서귀포시,서귀포자연휴양림,2016,6,11638,0
서귀포시,서귀포자연휴양림,2016,7,21280,35
서귀포시,서귀포자연휴양림,2016,8,32922,39
서귀포시,서귀포자연휴양림,2016,9,11830,33
서귀포시,서귀포자연휴양림,2016,10,11134,36
서귀포시,서귀포자연휴양림,2016,11,11004,30
서귀포시,서귀포자연휴양림,2016,12,6238,2
서귀포시,서귀포자연휴양림,2017,1,3366,0
서귀포시,서귀포자연휴양림,2017,2,4208,0
서귀포시,서귀포자연휴양림,2017,3,6640,0
서귀포시,서귀포자연휴양림,2017,4,10291,57
서귀포시,서귀포자연휴양림,2017,5,14332,26
서귀포시,서귀포자연휴양림,2017,6,9388,9
서귀포시,서귀포자연휴양림,2017,7,15934,8
서귀포시,서귀포자연휴양림,2017,8,22549,34
서귀포시,서귀포자연휴양림,2017,9,11975,14
서귀포시,서귀포자연휴양림,2017,10,118871,221
서귀포시,서귀포자연휴양림,2017,11,131776,253
서귀포시,서귀포자연휴양림,2017,12,136717,276
서귀포시,서귀포자연휴양림,2018,1,4279,19
서귀포시,서귀포자연휴양림,2018,2,2702,12
서귀포시,서귀포자연휴양림,2018,3,6487,5
서귀포시,서귀포자연휴양림,2018,4,9378,2
서귀포시,서귀포자연휴양림,2018,5,12416,19
서귀포시,서귀포자연휴양림,2018,6,13194,27
서귀포시,서귀포자연휴양림,2018,7,20692,55
서귀포시,서귀포자연휴양림,2018,8,24440,32
서귀포시,서귀포자연휴양림,2018,9,11354,6
서귀포시,서귀포자연휴양림,2018,10,12734,124
서귀포시,서귀포자연휴양림,2018,11,11063,41
서귀포시,서귀포자연휴양림,2018,12,4846,25
서귀포시,서귀포자연휴양림,2019,1,6597,0
서귀포시,서귀포자연휴양림,2019,2,5596,33
서귀포시,서귀포자연휴양림,2019,3,6910,46
서귀포시,서귀포자연휴양림,2019,4,8817,39
서귀포시,서귀포자연휴양림,2019,5,12955,51
서귀포시,서귀포자연휴양림,2019,6,12309,21
서귀포시,서귀포자연휴양림,2019,7,12834,24
서귀포시,서귀포자연휴양림,2019,8,20897,0
서귀포시,서귀포자연휴양림,2019,9,10456,0
서귀포시,서귀포자연휴양림,2019,10,13989,92
서귀포시,서귀포자연휴양림,2019,11,12117,32
서귀포시,서귀포자연휴양림,2019,12,5460,19
서귀포시,서복전시관,2015,1,2586,119
서귀포시,서복전시관,2015,2,2012,172
서귀포시,서복전시관,2015,3,3087,66
서귀포시,서복전시관,2015,4,3336,193
서귀포시,서복전시관,2015,5,3627,298
서귀포시,서복전시관,2015,6,2414,90
서귀포시,서복전시관,2015,7,2537,38
서귀포시,서복전시관,2015,8,4126,146
서귀포시,서복전시관,2015,9,4924,209
서귀포시,서복전시관,2015,10,8320,215
서귀포시,서복전시관,2015,11,6012,140
서귀포시,서복전시관,2015,12,5344,73
서귀포시,서복전시관,2016,1,5175,42
서귀포시,서복전시관,2016,2,4838,77
서귀포시,서복전시관,2016,3,4854,82
서귀포시,서복전시관,2016,4,5221,112
서귀포시,서복전시관,2016,5,6117,113
서귀포시,서복전시관,2016,6,5396,263
서귀포시,서복전시관,2016,7,4099,434
서귀포시,서복전시관,2016,8,2788,409
서귀포시,서복전시관,2016,9,3287,399
서귀포시,서복전시관,2016,10,3806,744
서귀포시,서복전시관,2016,11,3298,234
서귀포시,서복전시관,2016,12,2849,189
서귀포시,서복전시관,2017,1,3229,166
서귀포시,서복전시관,2017,2,3074,85
서귀포시,서복전시관,2017,3,2954,231
서귀포시,서복전시관,2017,4,6559,30
서귀포시,서복전시관,2017,5,4165,216
서귀포시,서복전시관,2017,6,2951,170
서귀포시,서복전시관,2017,7,2534,245
서귀포시,서복전시관,2017,8,2254,175
서귀포시,서복전시관,2017,9,2663,185
서귀포시,서복전시관,2017,10,2833,183
서귀포시,서복전시관,2017,11,2530,219
서귀포시,서복전시관,2017,12,2976,175
서귀포시,서복전시관,2018,1,2846,138
서귀포시,서복전시관,2018,2,2135,69
서귀포시,서복전시관,2018,3,3025,96
서귀포시,서복전시관,2018,4,4550,159
서귀포시,서복전시관,2018,5,3254,132
서귀포시,서복전시관,2018,6,2631,183
서귀포시,서복전시관,2018,7,2554,168
서귀포시,서복전시관,2018,8,2868,18
서귀포시,서복전시관,2018,9,3770,3
서귀포시,서복전시관,2018,10,6374,8
서귀포시,서복전시관,2018,11,2566,25
서귀포시,서복전시관,2018,12,2255,26
서귀포시,서복전시관,2019,1,2337,31
서귀포시,서복전시관,2019,2,1982,4
서귀포시,서복전시관,2019,3,2423,13
서귀포시,서복전시관,2019,4,2739,71
서귀포시,서복전시관,2019,5,3065,113
서귀포시,서복전시관,2019,6,1926,531
서귀포시,서복전시관,2019,7,1768,563
서귀포시,서복전시관,2019,8,2106,839
서귀포시,서복전시관,2019,9,3577,570
서귀포시,서복전시관,2019,10,6586,628
서귀포시,서복전시관,2019,11,2580,371
서귀포시,서복전시관,2019,12,2231,114
서귀포시,성산일출봉,2015,1,131569,74914
서귀포시,성산일출봉,2015,2,114212,121038
서귀포시,성산일출봉,2015,3,128152,115232
서귀포시,성산일출봉,2015,4,169543,171321
서귀포시,성산일출봉,2015,5,206562,157029
서귀포시,성산일출봉,2015,6,117040,57537
서귀포시,성산일출봉,2015,7,130925,13409
서귀포시,성산일출봉,2015,8,162638,74357
서귀포시,성산일출봉,2015,9,154329,101292
서귀포시,성산일출봉,2015,10,202538,150295
서귀포시,성산일출봉,2015,11,134465,103906
서귀포시,성산일출봉,2015,12,133388,84552
서귀포시,성산일출봉,2016,1,132209,73030
서귀포시,성산일출봉,2016,2,131882,97524
서귀포시,성산일출봉,2016,3,145758,105444
서귀포시,성산일출봉,2016,4,193016,134215
서귀포시,성산일출봉,2016,5,211106,129010
서귀포시,성산일출봉,2016,6,146714,139949
서귀포시,성산일출봉,2016,7,126041,188401
서귀포시,성산일출봉,2016,8,129298,151387
서귀포시,성산일출봉,2016,9,134625,105831
서귀포시,성산일출봉,2016,10,173600,118873
서귀포시,성산일출봉,2016,11,124724,74139
서귀포시,성산일출봉,2016,12,118401,84736
서귀포시,성산일출봉,2017,1,128465,74197
서귀포시,성산일출봉,2017,2,115528,63088
서귀포시,성산일출봉,2017,3,145626,36600
서귀포시,성산일출봉,2017,4,250137,42661
서귀포시,성산일출봉,2017,5,205007,22598
서귀포시,성산일출봉,2017,6,142277,26131
서귀포시,성산일출봉,2017,7,101257,19101
서귀포시,성산일출봉,2017,8,123318,15185
서귀포시,성산일출봉,2017,9,144931,19018
서귀포시,성산일출봉,2017,10,174036,30013
서귀포시,성산일출봉,2017,11,127040,19906
서귀포시,성산일출봉,2017,12,101111,31647
서귀포시,성산일출봉,2018,1,112264,11315
서귀포시,성산일출봉,2018,2,85830,15596
서귀포시,성산일출봉,2018,3,124284,19117
서귀포시,성산일출봉,2018,4,170803,36119
서귀포시,성산일출봉,2018,5,183396,25145
서귀포시,성산일출봉,2018,6,129395,29631
서귀포시,성산일출봉,2018,7,93456,21524
서귀포시,성산일출봉,2018,8,107067,22683
서귀포시,성산일출봉,2018,9,123516,27419
서귀포시,성산일출봉,2018,10,156271,40014
서귀포시,성산일출봉,2018,11,113040,35661
서귀포시,성산일출봉,2018,12,99232,39882
서귀포시,성산일출봉,2019,1,86112,22253
서귀포시,성산일출봉,2019,2,113755,29016
서귀포시,성산일출봉,2019,3,124899,36111
서귀포시,성산일출봉,2019,4,157455,51398
서귀포시,성산일출봉,2019,5,172633,39014
서귀포시,성산일출봉,2019,6,128886,42687
서귀포시,성산일출봉,2019,7,70862,31669
서귀포시,성산일출봉,2019,8,80284,31248
서귀포시,성산일출봉,2019,9,76662,22063
서귀포시,성산일출봉,2019,10,123413,40417
서귀포시,성산일출봉,2019,11,84792,27633
서귀포시,성산일출봉,2019,12,79599,35052
서귀포시,소인국테마파크,2015,1,0,0
서귀포시,소인국테마파크,2015,2,0,0
서귀포시,소인국테마파크,2015,3,0,0
서귀포시,소인국테마파크,2015,4,0,0
서귀포시,소인국테마파크,2015,5,0,0
서귀포시,소인국테마파크,2015,6,0,0
서귀포시,소인국테마파크,2015,7,0,0
서귀포시,소인국테마파크,2015,8,0,0
서귀포시,소인국테마파크,2015,9,0,0
서귀포시,소인국테마파크,2015,10,0,0
서귀포시,소인국테마파크,2015,11,0,0
서귀포시,소인국테마파크,2015,12,0,0
서귀포시,소인국테마파크,2016,1,0,0
서귀포시,소인국테마파크,2016,2,0,0
서귀포시,소인국테마파크,2016,3,0,0
서귀포시,소인국테마파크,2016,4,0,0
서귀포시,소인국테마파크,2016,5,0,0
서귀포시,소인국테마파크,2016,6,0,0
서귀포시,소인국테마파크,2016,7,0,0
서귀포시,소인국테마파크,2016,8,0,0
서귀포시,소인국테마파크,2016,9,0,0
서귀포시,소인국테마파크,2016,10,0,0
서귀포시,소인국테마파크,2016,11,0,0
서귀포시,소인국테마파크,2016,12,0,0
서귀포시,소인국테마파크,2017,1,0,0
서귀포시,소인국테마파크,2017,2,0,0
서귀포시,소인국테마파크,2017,3,0,0
서귀포시,소인국테마파크,2017,4,0,0
서귀포시,소인국테마파크,2017,5,0,0
서귀포시,소인국테마파크,2017,6,0,0
서귀포시,소인국테마파크,2017,7,0,0
서귀포시,소인국테마파크,2017,8,0,0
서귀포시,소인국테마파크,2017,9,0,0
서귀포시,소인국테마파크,2017,10,0,0
서귀포시,소인국테마파크,2017,11,0,0
서귀포시,소인국테마파크,2017,12,0,0
서귀포시,소인국테마파크,2018,1,0,0
서귀포시,소인국테마파크,2018,2,0,0
서귀포시,소인국테마파크,2018,3,0,0
서귀포시,소인국테마파크,2018,4,0,0
서귀포시,소인국테마파크,2018,5,0,0
서귀포시,소인국테마파크,2018,6,0,0
서귀포시,소인국테마파크,2018,7,0,0
서귀포시,소인국테마파크,2018,8,0,0
서귀포시,소인국테마파크,2018,9,0,0
서귀포시,소인국테마파크,2018,10,0,0
서귀포시,소인국테마파크,2018,11,0,0
서귀포시,소인국테마파크,2018,12,0,0
서귀포시,소인국테마파크,2019,1,0,0
서귀포시,소인국테마파크,2019,2,0,0
서귀포시,소인국테마파크,2019,3,0,0
서귀포시,소인국테마파크,2019,4,0,0
서귀포시,소인국테마파크,2019,5,0,0
서귀포시,소인국테마파크,2019,6,0,0
서귀포시,소인국테마파크,2019,7,0,0
서귀포시,소인국테마파크,2019,8,0,0
서귀포시,소인국테마파크,2019,9,0,0
서귀포시,소인국테마파크,2019,10,0,0
서귀포시,소인국테마파크,2019,11,0,0
서귀포시,소인국테마파크,2019,12,0,0
서귀포시,신영영화박물관,2015,1,0,0
서귀포시,신영영화박물관,2015,2,0,0
서귀포시,신영영화박물관,2015,3,0,0
서귀포시,신영영화박물관,2015,4,0,0
서귀포시,신영영화박물관,2015,5,0,0
서귀포시,신영영화박물관,2015,6,0,0
서귀포시,신영영화박물관,2015,7,0,0
서귀포시,신영영화박물관,2015,8,0,0
서귀포시,신영영화박물관,2015,9,0,0
서귀포시,신영영화박물관,2015,10,0,0
서귀포시,신영영화박물관,2015,11,0,0
서귀포시,신영영화박물관,2015,12,0,0
서귀포시,신영영화박물관,2016,1,0,0
서귀포시,신영영화박물관,2016,2,0,0
서귀포시,신영영화박물관,2016,3,0,0
서귀포시,신영영화박물관,2016,4,0,0
서귀포시,신영영화박물관,2016,5,0,0
서귀포시,신영영화박물관,2016,6,0,0
서귀포시,신영영화박물관,2016,7,0,0
서귀포시,신영영화박물관,2016,8,0,0
서귀포시,신영영화박물관,2016,9,0,0
서귀포시,신영영화박물관,2016,10,0,0
서귀포시,신영영화박물관,2016,11,0,0
서귀포시,신영영화박물관,2016,12,0,0
서귀포시,신영영화박물관,2017,1,0,0
서귀포시,신영영화박물관,2017,2,0,0
서귀포시,신영영화박물관,2017,3,0,0
서귀포시,신영영화박물관,2017,4,0,0
서귀포시,신영영화박물관,2017,5,0,0
서귀포시,신영영화박물관,2017,6,0,0
서귀포시,신영영화박물관,2017,7,0,0
서귀포시,신영영화박물관,2017,8,0,0
서귀포시,신영영화박물관,2017,9,0,0
서귀포시,신영영화박물관,2017,10,0,0
서귀포시,신영영화박물관,2017,11,0,0
서귀포시,신영영화박물관,2017,12,0,0
서귀포시,신영영화박물관,2018,1,0,0
서귀포시,신영영화박물관,2018,2,0,0
서귀포시,신영영화박물관,2018,3,0,0
서귀포시,신영영화박물관,2018,4,0,0
서귀포시,신영영화박물관,2018,5,0,0
서귀포시,신영영화박물관,2018,6,0,0
서귀포시,신영영화박물관,2018,7,0,0
서귀포시,신영영화박물관,2018,8,0,0
서귀포시,신영영화박물관,2018,9,0,0
서귀포시,신영영화박물관,2018,10,0,0
서귀포시,신영영화박물관,2018,11,0,0
서귀포시,신영영화박물관,2018,12,0,0
서귀포시,신영영화박물관,2019,1,0,0
서귀포시,신영영화박물관,2019,2,0,0
서귀포시,신영영화박물관,2019,3,0,0
서귀포시,신영영화박물관,2019,4,0,0
서귀포시,신영영화박물관,2019,5,0,0
서귀포시,신영영화박물관,2019,6,0,0
서귀포시,신영영화박물관,2019,7,0,0
서귀포시,신영영화박물관,2019,8,0,0
서귀포시,신영영화박물관,2019,9,0,0
서귀포시,신영영화박물관,2019,10,0,0
서귀포시,신영영화박물관,2019,11,0,0
서귀포시,신영영화박물관,2019,12,0,0
서귀포시,아프리카박물관,2015,1,0,0
서귀포시,아프리카박물관,2015,2,0,0
서귀포시,아프리카박물관,2015,3,0,0
서귀포시,아프리카박물관,2015,4,0,0
서귀포시,아프리카박물관,2015,5,0,0
서귀포시,아프리카박물관,2015,6,0,0
서귀포시,아프리카박물관,2015,7,0,0
서귀포시,아프리카박물관,2015,8,0,0
서귀포시,아프리카박물관,2015,9,0,0
서귀포시,아프리카박물관,2015,10,0,0
서귀포시,아프리카박물관,2015,11,0,0
서귀포시,아프리카박물관,2015,12,0,0
서귀포시,아프리카박물관,2016,1,0,0
서귀포시,아프리카박물관,2016,2,0,0
서귀포시,아프리카박물관,2016,3,0,0
서귀포시,아프리카박물관,2016,4,0,0
서귀포시,아프리카박물관,2016,5,0,0
서귀포시,아프리카박물관,2016,6,0,0
서귀포시,아프리카박물관,2016,7,0,0
서귀포시,아프리카박물관,2016,8,0,0
서귀포시,아프리카박물관,2016,9,0,0
서귀포시,아프리카박물관,2016,10,0,0
서귀포시,아프리카박물관,2016,11,0,0
서귀포시,아프리카박물관,2016,12,0,0
서귀포시,아프리카박물관,2017,1,0,0
서귀포시,아프리카박물관,2017,2,0,0
서귀포시,아프리카박물관,2017,3,0,0
서귀포시,아프리카박물관,2017,4,0,0
서귀포시,아프리카박물관,2017,5,0,0
서귀포시,아프리카박물관,2017,6,0,0
서귀포시,아프리카박물관,2017,7,0,0
서귀포시,아프리카박물관,2017,8,0,0
서귀포시,아프리카박물관,2017,9,0,0
서귀포시,아프리카박물관,2017,10,0,0
서귀포시,아프리카박물관,2017,11,0,0
서귀포시,아프리카박물관,2017,12,0,0
서귀포시,아프리카박물관,2018,1,0,0
서귀포시,아프리카박물관,2018,2,0,0
서귀포시,아프리카박물관,2018,3,0,0
서귀포시,아프리카박물관,2018,4,0,0
서귀포시,아프리카박물관,2018,5,0,0
서귀포시,아프리카박물관,2018,6,0,0
서귀포시,아프리카박물관,2018,7,0,0
서귀포시,아프리카박물관,2018,8,0,0
서귀포시,아프리카박물관,2018,9,0,0
서귀포시,아프리카박물관,2018,10,0,0
서귀포시,아프리카박물관,2018,11,0,0
서귀포시,아프리카박물관,2018,12,0,0
서귀포시,아프리카박물관,2019,1,0,0
서귀포시,아프리카박물관,2019,2,0,0
서귀포시,아프리카박물관,2019,3,0,0
서귀포시,아프리카박물관,2019,4,0,0
서귀포시,아프리카박물관,2019,5,0,0
서귀포시,아프리카박물관,2019,6,0,0
서귀포시,아프리카박물관,2019,7,0,0
서귀포시,아프리카박물관,2019,8,0,0
서귀포시,아프리카박물관,2019,9,0,0
서귀포시,아프리카박물관,2019,10,0,0
서귀포시,아프리카박물관,2019,11,0,0
서귀포시,아프리카박물관,2019,12,0,0
서귀포시,여미지식물원,2015,1,0,0
서귀포시,여미지식물원,2015,2,0,0
서귀포시,여미지식물원,2015,3,0,0
서귀포시,여미지식물원,2015,4,0,0
서귀포시,여미지식물원,2015,5,0,0
서귀포시,여미지식물원,2015,6,0,0
서귀포시,여미지식물원,2015,7,0,0
서귀포시,여미지식물원,2015,8,0,0
서귀포시,여미지식물원,2015,9,0,0
서귀포시,여미지식물원,2015,10,0,0
서귀포시,여미지식물원,2015,11,0,0
서귀포시,여미지식물원,2015,12,0,0
서귀포시,여미지식물원,2016,1,0,0
서귀포시,여미지식물원,2016,2,0,0
서귀포시,여미지식물원,2016,3,0,0
서귀포시,여미지식물원,2016,4,0,0
서귀포시,여미지식물원,2016,5,0,0
서귀포시,여미지식물원,2016,6,0,0
서귀포시,여미지식물원,2016,7,0,0
서귀포시,여미지식물원,2016,8,0,0
서귀포시,여미지식물원,2016,9,0,0
서귀포시,여미지식물원,2016,10,0,0
서귀포시,여미지식물원,2016,11,0,0
서귀포시,여미지식물원,2016,12,0,0
서귀포시,여미지식물원,2017,1,0,0
서귀포시,여미지식물원,2017,2,0,0
서귀포시,여미지식물원,2017,3,0,0
서귀포시,여미지식물원,2017,4,0,0
서귀포시,여미지식물원,2017,5,0,0
서귀포시,여미지식물원,2017,6,0,0
서귀포시,여미지식물원,2017,7,0,0
서귀포시,여미지식물원,2017,8,0,0
서귀포시,여미지식물원,2017,9,0,0
서귀포시,여미지식물원,2017,10,0,0
서귀포시,여미지식물원,2017,11,0,0
서귀포시,여미지식물원,2017,12,0,0
서귀포시,여미지식물원,2018,1,0,0
서귀포시,여미지식물원,2018,2,0,0
서귀포시,여미지식물원,2018,3,0,0
서귀포시,여미지식물원,2018,4,0,0
서귀포시,여미지식물원,2018,5,0,0
서귀포시,여미지식물원,2018,6,0,0
서귀포시,여미지식물원,2018,7,0,0
서귀포시,여미지식물원,2018,8,0,0
서귀포시,여미지식물원,2018,9,0,0
서귀포시,여미지식물원,2018,10,0,0
서귀포시,여미지식물원,2018,11,0,0
서귀포시,여미지식물원,2018,12,0,0
서귀포시,여미지식물원,2019,1,0,0
서귀포시,여미지식물원,2019,2,0,0
서귀포시,여미지식물원,2019,3,0,0
서귀포시,여미지식물원,2019,4,0,0
서귀포시,여미지식물원,2019,5,0,0
서귀포시,여미지식물원,2019,6,0,0
서귀포시,여미지식물원,2019,7,0,0
서귀포시,여미지식물원,2019,8,0,0
서귀포시,여미지식물원,2019,9,0,0
서귀포시,여미지식물원,2019,10,0,0
서귀포시,여미지식물원,2019,11,0,0
서귀포시,여미지식물원,2019,12,0,0
서귀포시,이중섭미술관,2015,1,25374,59
서귀포시,이중섭미술관,2015,2,19091,44
서귀포시,이중섭미술관,2015,3,14555,13
서귀포시,이중섭미술관,2015,4,18740,87
서귀포시,이중섭미술관,2015,5,22236,108
서귀포시,이중섭미술관,2015,6,15586,106
서귀포시,이중섭미술관,2015,7,27756,84
서귀포시,이중섭미술관,2015,8,31955,35
서귀포시,이중섭미술관,2015,9,17550,32
서귀포시,이중섭미술관,2015,10,24867,12
서귀포시,이중섭미술관,2015,11,0,0
서귀포시,이중섭미술관,2015,12,18412,9
서귀포시,이중섭미술관,2016,1,23624,15
서귀포시,이중섭미술관,2016,2,19727,14
서귀포시,이중섭미술관,2016,3,15311,56
서귀포시,이중섭미술관,2016,4,20136,107
서귀포시,이중섭미술관,2016,5,26197,313
서귀포시,이중섭미술관,2016,6,19843,372
서귀포시,이중섭미술관,2016,7,28691,263
서귀포시,이중섭미술관,2016,8,30193,312
서귀포시,이중섭미술관,2016,9,20536,244
서귀포시,이중섭미술관,2016,10,24946,177
서귀포시,이중섭미술관,2016,11,18400,99
서귀포시,이중섭미술관,2016,12,21354,54
서귀포시,이중섭미술관,2017,1,24646,26
서귀포시,이중섭미술관,2017,2,21221,4
서귀포시,이중섭미술관,2017,3,16101,8
서귀포시,이중섭미술관,2017,4,17815,5071
서귀포시,이중섭미술관,2017,5,27131,82
서귀포시,이중섭미술관,2017,6,17361,405
서귀포시,이중섭미술관,2017,7,22836,137
서귀포시,이중섭미술관,2017,8,29318,113
서귀포시,이중섭미술관,2017,9,18781,95
서귀포시,이중섭미술관,2017,10,24337,136
서귀포시,이중섭미술관,2017,11,17487,70
서귀포시,이중섭미술관,2017,12,34081,90
서귀포시,이중섭미술관,2018,1,39017,60
서귀포시,이중섭미술관,2018,2,23244,30
서귀포시,이중섭미술관,2018,3,17639,18
서귀포시,이중섭미술관,2018,4,22873,87
서귀포시,이중섭미술관,2018,5,30722,89
서귀포시,이중섭미술관,2018,6,16264,56
서귀포시,이중섭미술관,2018,7,21555,144
서귀포시,이중섭미술관,2018,8,25446,146
서귀포시,이중섭미술관,2018,9,19612,6
서귀포시,이중섭미술관,2018,10,14574,42
서귀포시,이중섭미술관,2018,11,16897,32
서귀포시,이중섭미술관,2018,12,16475,9
서귀포시,이중섭미술관,2019,1,19832,40
서귀포시,이중섭미술관,2019,2,18518,22
서귀포시,이중섭미술관,2019,3,14869,35
서귀포시,이중섭미술관,2019,4,16795,77
서귀포시,이중섭미술관,2019,5,16842,83
서귀포시,이중섭미술관,2019,6,0,0
서귀포시,이중섭미술관,2019,7,18676,134
서귀포시,이중섭미술관,2019,8,21067,144
서귀포시,이중섭미술관,2019,9,22362,32
서귀포시,이중섭미술관,2019,10,26033,77
서귀포시,이중섭미술관,2019,11,17439,38
서귀포시,이중섭미술관,2019,12,15744,8
서귀포시,일출랜드,2015,1,19382,953
서귀포시,일출랜드,2015,2,14008,599
서귀포시,일출랜드,2015,3,31669,1359
서귀포시,일출랜드,2015,4,51711,3068
서귀포시,일출랜드,2015,5,43589,1956
서귀포시,일출랜드,2015,6,16671,841
서귀포시,일출랜드,2015,7,13917,738
서귀포시,일출랜드,2015,8,22751,1439
서귀포시,일출랜드,2015,9,26481,1750
서귀포시,일출랜드,2015,10,40127,2068
서귀포시,일출랜드,2015,11,27996,3885
서귀포시,일출랜드,2015,12,16765,3800
서귀포시,일출랜드,2016,1,18697,3776
서귀포시,일출랜드,2016,2,15799,2941
서귀포시,일출랜드,2016,3,34331,2710
서귀포시,일출랜드,2016,4,48092,4420
서귀포시,일출랜드,2016,5,41774,5943
서귀포시,일출랜드,2016,6,27153,4012
서귀포시,일출랜드,2016,7,15008,3451
서귀포시,일출랜드,2016,8,20971,4270
서귀포시,일출랜드,2016,9,21742,3216
서귀포시,일출랜드,2016,10,34710,3216
서귀포시,일출랜드,2016,11,26672,2384
서귀포시,일출랜드,2016,12,14990,2728
서귀포시,일출랜드,2017,1,15061,3298
서귀포시,일출랜드,2017,2,16476,3558
서귀포시,일출랜드,2017,3,33768,1266
서귀포시,일출랜드,2017,4,54513,662
서귀포시,일출랜드,2017,5,45914,984
서귀포시,일출랜드,2017,6,28390,229
서귀포시,일출랜드,2017,7,16701,527
서귀포시,일출랜드,2017,8,21811,721
서귀포시,일출랜드,2017,9,23352,948
서귀포시,일출랜드,2017,10,35471,1594
서귀포시,일출랜드,2017,11,28475,1094
서귀포시,일출랜드,2017,12,17413,936
서귀포시,일출랜드,2018,1,18401,491
서귀포시,일출랜드,2018,2,11868,267
서귀포시,일출랜드,2018,3,31906,1226
서귀포시,일출랜드,2018,4,48995,595
서귀포시,일출랜드,2018,5,38779,511
서귀포시,일출랜드,2018,6,22706,206
서귀포시,일출랜드,2018,7,15904,341
서귀포시,일출랜드,2018,8,19819,655
서귀포시,일출랜드,2018,9,18689,519
서귀포시,일출랜드,2018,10,28770,611
서귀포시,일출랜드,2018,11,26529,193
서귀포시,일출랜드,2018,12,15578,523
서귀포시,일출랜드,2019,1,14390,444
서귀포시,일출랜드,2019,2,13259,765
서귀포시,일출랜드,2019,3,31335,333
서귀포시,일출랜드,2019,4,40550,559
서귀포시,일출랜드,2019,5,34168,1920
서귀포시,일출랜드,2019,6,22934,2546
서귀포시,일출랜드,2019,7,14237,2261
서귀포시,일출랜드,2019,8,19583,2429
서귀포시,일출랜드,2019,9,18487,1550
서귀포시,일출랜드,2019,10,0,0
서귀포시,일출랜드,2019,11,0,0
서귀포시,일출랜드,2019,12,0,0
서귀포시,정방폭포,2015,1,49901,1910
서귀포시,정방폭포,2015,2,41244,2276
서귀포시,정방폭포,2015,3,51738,2881
서귀포시,정방폭포,2015,4,67370,3445
서귀포시,정방폭포,2015,5,94510,3861
서귀포시,정방폭포,2015,6,64893,1566
서귀포시,정방폭포,2015,7,87203,559
서귀포시,정방폭포,2015,8,135646,1464
서귀포시,정방폭포,2015,9,95308,2663
서귀포시,정방폭포,2015,10,111728,3238
서귀포시,정방폭포,2015,11,73108,2225
서귀포시,정방폭포,2015,12,60512,1745
서귀포시,정방폭포,2016,1,70735,1277
서귀포시,정방폭포,2016,2,71975,1253
서귀포시,정방폭포,2016,3,79371,1759
서귀포시,정방폭포,2016,4,99518,2265
서귀포시,정방폭포,2016,5,119060,2395
서귀포시,정방폭포,2016,6,93723,3017
서귀포시,정방폭포,2016,7,102420,3957
서귀포시,정방폭포,2016,8,115452,4397
서귀포시,정방폭포,2016,9,84639,3484
서귀포시,정방폭포,2016,10,90831,4154
서귀포시,정방폭포,2016,11,59652,2418
서귀포시,정방폭포,2016,12,49792,1727
서귀포시,정방폭포,2017,1,56462,1605
서귀포시,정방폭포,2017,2,54363,1475
서귀포시,정방폭포,2017,3,66378,2866
서귀포시,정방폭포,2017,4,128170,6271
서귀포시,정방폭포,2017,5,89963,4374
서귀포시,정방폭포,2017,6,73064,2597
서귀포시,정방폭포,2017,7,77176,1673
서귀포시,정방폭포,2017,8,90636,1390
서귀포시,정방폭포,2017,9,75032,1779
서귀포시,정방폭포,2017,10,85816,2050
서귀포시,정방폭포,2017,11,55908,1720
서귀포시,정방폭포,2017,12,52938,1284
서귀포시,정방폭포,2018,1,50810,823
서귀포시,정방폭포,2018,2,39382,1136
서귀포시,정방폭포,2018,3,58086,2213
서귀포시,정방폭포,2018,4,76925,6031
서귀포시,정방폭포,2018,5,77826,6952
서귀포시,정방폭포,2018,6,67353,7684
서귀포시,정방폭포,2018,7,58321,6523
서귀포시,정방폭포,2018,8,78277,6357
서귀포시,정방폭포,2018,9,65581,7279
서귀포시,정방폭포,2018,10,70347,5927
서귀포시,정방폭포,2018,11,49803,4274
서귀포시,정방폭포,2018,12,42811,3394
서귀포시,정방폭포,2019,1,49045,973
서귀포시,정방폭포,2019,2,49485,1938
서귀포시,정방폭포,2019,3,66749,3703
서귀포시,정방폭포,2019,4,70056,5356
서귀포시,정방폭포,2019,5,69269,4810
서귀포시,정방폭포,2019,6,62910,5797
서귀포시,정방폭포,2019,7,60664,3299
서귀포시,정방폭포,2019,8,80992,3030
서귀포시,정방폭포,2019,9,56770,3553
서귀포시,정방폭포,2019,10,68371,8045
서귀포시,정방폭포,2019,11,52439,5236
서귀포시,정방폭포,2019,12,41873,4354
서귀포시,제주민속촌박물관,2015,1,0,0
서귀포시,제주민속촌박물관,2015,2,0,0
서귀포시,제주민속촌박물관,2015,3,0,0
서귀포시,제주민속촌박물관,2015,4,0,0
서귀포시,제주민속촌박물관,2015,5,0,0
서귀포시,제주민속촌박물관,2015,6,0,0
서귀포시,제주민속촌박물관,2015,7,0,0
서귀포시,제주민속촌박물관,2015,8,0,0
서귀포시,제주민속촌박물관,2015,9,0,0
서귀포시,제주민속촌박물관,2015,10,0,0
서귀포시,제주민속촌박물관,2015,11,0,0
서귀포시,제주민속촌박물관,2015,12,0,0
서귀포시,제주민속촌박물관,2016,1,0,0
서귀포시,제주민속촌박물관,2016,2,0,0
서귀포시,제주민속촌박물관,2016,3,0,0
서귀포시,제주민속촌박물관,2016,4,0,0
서귀포시,제주민속촌박물관,2016,5,0,0
서귀포시,제주민속촌박물관,2016,6,0,0
서귀포시,제주민속촌박물관,2016,7,0,0
서귀포시,제주민속촌박물관,2016,8,0,0
서귀포시,제주민속촌박물관,2016,9,0,0
서귀포시,제주민속촌박물관,2016,10,0,0
서귀포시,제주민속촌박물관,2016,11,0,0
서귀포시,제주민속촌박물관,2016,12,0,0
서귀포시,제주민속촌박물관,2017,1,0,0
서귀포시,제주민속촌박물관,2017,2,0,0
서귀포시,제주민속촌박물관,2017,3,0,0
서귀포시,제주민속촌박물관,2017,4,0,0
서귀포시,제주민속촌박물관,2017,5,0,0
서귀포시,제주민속촌박물관,2017,6,0,0
서귀포시,제주민속촌박물관,2017,7,0,0
서귀포시,제주민속촌박물관,2017,8,0,0
서귀포시,제주민속촌박물관,2017,9,0,0
서귀포시,제주민속촌박물관,2017,10,0,0
서귀포시,제주민속촌박물관,2017,11,0,0
서귀포시,제주민속촌박물관,2017,12,0,0
서귀포시,제주민속촌박물관,2018,1,0,0
서귀포시,제주민속촌박물관,2018,2,0,0
서귀포시,제주민속촌박물관,2018,3,0,0
서귀포시,제주민속촌박물관,2018,4,0,0
서귀포시,제주민속촌박물관,2018,5,0,0
서귀포시,제주민속촌박물관,2018,6,0,0
서귀포시,제주민속촌박물관,2018,7,0,0
서귀포시,제주민속촌박물관,2018,8,0,0
서귀포시,제주민속촌박물관,2018,9,0,0
서귀포시,제주민속촌박물관,2018,10,0,0
서귀포시,제주민속촌박물관,2018,11,0,0
서귀포시,제주민속촌박물관,2018,12,0,0
서귀포시,제주민속촌박물관,2019,1,0,0
서귀포시,제주민속촌박물관,2019,2,0,0
서귀포시,제주민속촌박물관,2019,3,0,0
서귀포시,제주민속촌박물관,2019,4,0,0
서귀포시,제주민속촌박물관,2019,5,0,0
서귀포시,제주민속촌박물관,2019,6,0,0
서귀포시,제주민속촌박물관,2019,7,0,0
서귀포시,제주민속촌박물관,2019,8,0,0
서귀포시,제주민속촌박물관,2019,9,0,0
서귀포시,제주민속촌박물관,2019,10,0,0
서귀포시,제주민속촌박물관,2019,11,0,0
서귀포시,제주민속촌박물관,2019,12,0,0
서귀포시,제주조각공원,2015,1,0,0
서귀포시,제주조각공원,2015,2,0,0
서귀포시,제주조각공원,2015,3,0,0
서귀포시,제주조각공원,2015,4,0,0
서귀포시,제주조각공원,2015,5,0,0
서귀포시,제주조각공원,2015,6,0,0
서귀포시,제주조각공원,2015,7,0,0
서귀포시,제주조각공원,2015,8,0,0
서귀포시,제주조각공원,2015,9,0,0
서귀포시,제주조각공원,2015,10,0,0
서귀포시,제주조각공원,2015,11,0,0
서귀포시,제주조각공원,2015,12,0,0
서귀포시,제주조각공원,2016,1,0,0
서귀포시,제주조각공원,2016,2,0,0
서귀포시,제주조각공원,2016,3,0,0
서귀포시,제주조각공원,2016,4,0,0
서귀포시,제주조각공원,2016,5,0,0
서귀포시,제주조각공원,2016,6,0,0
서귀포시,제주조각공원,2016,7,0,0
서귀포시,제주조각공원,2016,8,0,0
서귀포시,제주조각공원,2016,9,0,0
서귀포시,제주조각공원,2016,10,0,0
서귀포시,제주조각공원,2016,11,0,0
서귀포시,제주조각공원,2016,12,0,0
서귀포시,제주조각공원,2017,1,0,0
서귀포시,제주조각공원,2017,2,0,0
서귀포시,제주조각공원,2017,3,0,0
서귀포시,제주조각공원,2017,4,0,0
서귀포시,제주조각공원,2017,5,0,0
서귀포시,제주조각공원,2017,6,0,0
서귀포시,제주조각공원,2017,7,0,0
서귀포시,제주조각공원,2017,8,0,0
서귀포시,제주조각공원,2017,9,0,0
서귀포시,제주조각공원,2017,10,0,0
서귀포시,제주조각공원,2017,11,0,0
서귀포시,제주조각공원,2017,12,0,0
서귀포시,제주조각공원,2018,1,0,0
서귀포시,제주조각공원,2018,2,0,0
서귀포시,제주조각공원,2018,3,0,0
서귀포시,제주조각공원,2018,4,0,0
서귀포시,제주조각공원,2018,5,0,0
서귀포시,제주조각공원,2018,6,0,0
서귀포시,제주조각공원,2018,7,0,0
서귀포시,제주조각공원,2018,8,0,0
서귀포시,제주조각공원,2018,9,0,0
서귀포시,제주조각공원,2018,10,0,0
서귀포시,제주조각공원,2018,11,0,0
서귀포시,제주조각공원,2018,12,0,0
서귀포시,제주조각공원,2019,1,0,0
서귀포시,제주조각공원,2019,2,0,0
서귀포시,제주조각공원,2019,3,0,0
서귀포시,제주조각공원,2019,4,0,0
서귀포시,제주조각공원,2019,5,0,0
서귀포시,제주조각공원,2019,6,0,0
서귀포시,제주조각공원,2019,7,0,0
서귀포시,제주조각공원,2019,8,0,0
서귀포시,제주조각공원,2019,9,0,0
서귀포시,제주조각공원,2019,10,0,0
서귀포시,제주조각공원,2019,11,0,0
서귀포시,제주조각공원,2019,12,0,0
서귀포시,제주추사관,2015,1,5690,0
서귀포시,제주추사관,2015,2,4666,0
서귀포시,제주추사관,2015,3,4719,10
서귀포시,제주추사관,2015,4,7264,0
서귀포시,제주추사관,2015,5,9467,0
서귀포시,제주추사관,2015,6,4364,0
서귀포시,제주추사관,2015,7,4995,29
서귀포시,제주추사관,2015,8,5816,4
서귀포시,제주추사관,2015,9,6343,2
서귀포시,제주추사관,2015,10,10655,35
서귀포시,제주추사관,2015,11,6340,1
서귀포시,제주추사관,2015,12,5999,71
서귀포시,제주추사관,2016,1,5601,0
서귀포시,제주추사관,2016,2,6411,4
서귀포시,제주추사관,2016,3,5780,3
서귀포시,제주추사관,2016,4,8488,3
서귀포시,제주추사관,2016,5,8009,0
서귀포시,제주추사관,2016,6,4959,27
서귀포시,제주추사관,2016,7,4500,13
서귀포시,제주추사관,2016,8,3818,2
서귀포시,제주추사관,2016,9,3551,0
서귀포시,제주추사관,2016,10,7077,15
서귀포시,제주추사관,2016,11,6585,5
서귀포시,제주추사관,2016,12,4455,3
서귀포시,제주추사관,2017,1,4696,3
서귀포시,제주추사관,2017,2,4069,3
서귀포시,제주추사관,2017,3,6007,6
서귀포시,제주추사관,2017,4,7928,2
서귀포시,제주추사관,2017,5,9723,0
서귀포시,제주추사관,2017,6,4487,5
서귀포시,제주추사관,2017,7,2438,18
서귀포시,제주추사관,2017,8,1405,0
서귀포시,제주추사관,2017,9,4642,0
서귀포시,제주추사관,2017,10,6825,2
서귀포시,제주추사관,2017,11,5107,8
서귀포시,제주추사관,2017,12,14131,2
서귀포시,제주추사관,2018,1,14595,0
서귀포시,제주추사관,2018,2,8457,3
서귀포시,제주추사관,2018,3,8182,10
서귀포시,제주추사관,2018,4,10981,32
서귀포시,제주추사관,2018,5,11801,8
서귀포시,제주추사관,2018,6,9001,30
서귀포시,제주추사관,2018,7,8341,26
서귀포시,제주추사관,2018,8,9005,5
서귀포시,제주추사관,2018,9,8032,47
서귀포시,제주추사관,2018,10,9980,10
서귀포시,제주추사관,2018,11,8748,80
서귀포시,제주추사관,2018,12,7309,12
서귀포시,제주추사관,2019,1,7464,6
서귀포시,제주추사관,2019,2,6167,12
서귀포시,제주추사관,2019,3,6539,12
서귀포시,제주추사관,2019,4,9616,64
서귀포시,제주추사관,2019,5,10917,21
서귀포시,제주추사관,2019,6,6819,0
서귀포시,제주추사관,2019,7,7820,2
서귀포시,제주추사관,2019,8,4698,12
서귀포시,제주추사관,2019,9,5197,26
서귀포시,제주추사관,2019,10,8248,63
서귀포시,제주추사관,2019,11,7380,8
서귀포시,제주추사관,2019,12,5311,12
서귀포시,중문대포해안주상절리대,2015,1,109214,13993
서귀포시,중문대포해안주상절리대,2015,2,91444,18091
서귀포시,중문대포해안주상절리대,2015,3,102450,21260
서귀포시,중문대포해안주상절리대,2015,4,150962,31812
서귀포시,중문대포해안주상절리대,2015,5,166307,34457
서귀포시,중문대포해안주상절리대,2015,6,86810,15173
서귀포시,중문대포해안주상절리대,2015,7,95081,1881
서귀포시,중문대포해안주상절리대,2015,8,141984,10658
서귀포시,중문대포해안주상절리대,2015,9,127021,19765
서귀포시,중문대포해안주상절리대,2015,10,176485,22059
서귀포시,중문대포해안주상절리대,2015,11,116075,16753
서귀포시,중문대포해안주상절리대,2015,12,85151,16632
서귀포시,중문대포해안주상절리대,2016,1,96449,17633
서귀포시,중문대포해안주상절리대,2016,2,96641,21070
서귀포시,중문대포해안주상절리대,2016,3,120646,19460
서귀포시,중문대포해안주상절리대,2016,4,160322,21869
서귀포시,중문대포해안주상절리대,2016,5,175788,22317
서귀포시,중문대포해안주상절리대,2016,6,125823,26119
서귀포시,중문대포해안주상절리대,2016,7,103242,30063
서귀포시,중문대포해안주상절리대,2016,8,115535,25130
서귀포시,중문대포해안주상절리대,2016,9,121335,21511
서귀포시,중문대포해안주상절리대,2016,10,154270,21017
서귀포시,중문대포해안주상절리대,2016,11,105419,12235
서귀포시,중문대포해안주상절리대,2016,12,82522,11884
서귀포시,중문대포해안주상절리대,2017,1,91383,10469
서귀포시,중문대포해안주상절리대,2017,2,90537,9525
서귀포시,중문대포해안주상절리대,2017,3,112639,7666
서귀포시,중문대포해안주상절리대,2017,4,180438,16068
서귀포시,중문대포해안주상절리대,2017,5,171953,6856
서귀포시,중문대포해안주상절리대,2017,6,118700,8202
서귀포시,중문대포해안주상절리대,2017,7,91795,7677
서귀포시,중문대포해안주상절리대,2017,8,109802,5747
서귀포시,중문대포해안주상절리대,2017,9,119632,7380
서귀포시,중문대포해안주상절리대,2017,10,153979,13158
서귀포시,중문대포해안주상절리대,2017,11,105000,6984
서귀포시,중문대포해안주상절리대,2017,12,71434,6804
서귀포시,중문대포해안주상절리대,2018,1,76160,2604
서귀포시,중문대포해안주상절리대,2018,2,61812,4782
서귀포시,중문대포해안주상절리대,2018,3,98543,7041
서귀포시,중문대포해안주상절리대,2018,4,148370,9959
서귀포시,중문대포해안주상절리대,2018,5,152334,7714
서귀포시,중문대포해안주상절리대,2018,6,101858,11872
서귀포시,중문대포해안주상절리대,2018,7,78259,12762
서귀포시,중문대포해안주상절리대,2018,8,89755,12607
서귀포시,중문대포해안주상절리대,2018,9,97271,11109
서귀포시,중문대포해안주상절리대,2018,10,122783,19323
서귀포시,중문대포해안주상절리대,2018,11,91401,13014
서귀포시,중문대포해안주상절리대,2018,12,64052,9757
서귀포시,중문대포해안주상절리대,2019,1,71971,4619
서귀포시,중문대포해안주상절리대,2019,2,74898,7124
서귀포시,중문대포해안주상절리대,2019,3,97453,10021
서귀포시,중문대포해안주상절리대,2019,4,120365,19419
서귀포시,중문대포해안주상절리대,2019,5,83754,16535
서귀포시,중문대포해안주상절리대,2019,6,84093,16309
서귀포시,중문대포해안주상절리대,2019,7,67277,12240
서귀포시,중문대포해안주상절리대,2019,8,79944,13431
서귀포시,중문대포해안주상절리대,2019,9,77283,11308
서귀포시,중문대포해안주상절리대,2019,10,116421,15810
서귀포시,중문대포해안주상절리대,2019,11,82657,13032
서귀포시,중문대포해안주상절리대,2019,12,62519,11369
서귀포시,천제연폭포,2015,1,44000,10095
서귀포시,천제연폭포,2015,2,37674,12254
서귀포시,천제연폭포,2015,3,44723,13909
서귀포시,천제연폭포,2015,4,56155,18444
서귀포시,천제연폭포,2015,5,69010,19272
서귀포시,천제연폭포,2015,6,42437,8859
서귀포시,천제연폭포,2015,7,52785,3651
서귀포시,천제연폭포,2015,8,78037,6905
서귀포시,천제연폭포,2015,9,53508,9852
서귀포시,천제연폭포,2015,10,58486,14287
서귀포시,천제연폭포,2015,11,47419,8125
서귀포시,천제연폭포,2015,12,40064,5257
서귀포시,천제연폭포,2016,1,42516,3957
서귀포시,천제연폭포,2016,2,43627,5823
서귀포시,천제연폭포,2016,3,54656,6167
서귀포시,천제연폭포,2016,4,74667,8131
서귀포시,천제연폭포,2016,5,74277,8793
서귀포시,천제연폭포,2016,6,62780,9833
서귀포시,천제연폭포,2016,7,61889,13492
서귀포시,천제연폭포,2016,8,66293,13451
서귀포시,천제연폭포,2016,9,55310,9140
서귀포시,천제연폭포,2016,10,55561,11132
서귀포시,천제연폭포,2016,11,38317,6519
서귀포시,천제연폭포,2016,12,31826,6371
서귀포시,천제연폭포,2017,1,37582,3735
서귀포시,천제연폭포,2017,2,35693,3918
서귀포시,천제연폭포,2017,3,43403,4150
서귀포시,천제연폭포,2017,4,77779,7953
서귀포시,천제연폭포,2017,5,60057,5150
서귀포시,천제연폭포,2017,6,46755,5673
서귀포시,천제연폭포,2017,7,46839,5649
서귀포시,천제연폭포,2017,8,53209,4959
서귀포시,천제연폭포,2017,9,44455,4775
서귀포시,천제연폭포,2017,10,58753,8034
서귀포시,천제연폭포,2017,11,34580,3887
서귀포시,천제연폭포,2017,12,28420,3726
서귀포시,천제연폭포,2018,1,33481,1246
서귀포시,천제연폭포,2018,2,24299,2740
서귀포시,천제연폭포,2018,3,40191,6666
서귀포시,천제연폭포,2018,4,55548,11122
서귀포시,천제연폭포,2018,5,53361,9106
서귀포시,천제연폭포,2018,6,44579,8258
서귀포시,천제연폭포,2018,7,42148,6116
서귀포시,천제연폭포,2018,8,46875,5137
서귀포시,천제연폭포,2018,9,43513,5098
서귀포시,천제연폭포,2018,10,44852,9699
서귀포시,천제연폭포,2018,11,32751,7334
서귀포시,천제연폭포,2018,12,26106,4034
서귀포시,천제연폭포,2019,1,29511,3174
서귀포시,천제연폭포,2019,2,30757,4358
서귀포시,천제연폭포,2019,3,35753,6109
서귀포시,천제연폭포,2019,4,42640,9901
서귀포시,천제연폭포,2019,5,39903,8796
서귀포시,천제연폭포,2019,6,39960,10997
서귀포시,천제연폭포,2019,7,40746,8233
서귀포시,천제연폭포,2019,8,46436,8802
서귀포시,천제연폭포,2019,9,36249,7021
서귀포시,천제연폭포,2019,10,54279,7772
서귀포시,천제연폭포,2019,11,37257,5958
서귀포시,천제연폭포,2019,12,29532,5320
서귀포시,천지연폭포,2015,1,96180,8568
서귀포시,천지연폭포,2015,2,85312,12535
서귀포시,천지연폭포,2015,3,111544,18240
서귀포시,천지연폭포,2015,4,152318,28590
서귀포시,천지연폭포,2015,5,181615,27659
서귀포시,천지연폭포,2015,6,112770,8645
서귀포시,천지연폭포,2015,7,144713,3132
서귀포시,천지연폭포,2015,8,211155,12259
서귀포시,천지연폭포,2015,9,146175,17280
서귀포시,천지연폭포,2015,10,171653,25316
서귀포시,천지연폭포,2015,11,118848,13957
서귀포시,천지연폭포,2015,12,95841,8593
서귀포시,천지연폭포,2016,1,104226,7759
서귀포시,천지연폭포,2016,2,109602,9085
서귀포시,천지연폭포,2016,3,125539,12184
서귀포시,천지연폭포,2016,4,173086,14664
서귀포시,천지연폭포,2016,5,212293,15740
서귀포시,천지연폭포,2016,6,152106,16975
서귀포시,천지연폭포,2016,7,155875,22985
서귀포시,천지연폭포,2016,8,198340,18734
서귀포시,천지연폭포,2016,9,169224,16047
서귀포시,천지연폭포,2016,10,186212,15709
서귀포시,천지연폭포,2016,11,132133,9232
서귀포시,천지연폭포,2016,12,104541,7053
서귀포시,천지연폭포,2017,1,119070,4361
서귀포시,천지연폭포,2017,2,111913,3719
서귀포시,천지연폭포,2017,3,128155,4258
서귀포시,천지연폭포,2017,4,229904,14007
서귀포시,천지연폭포,2017,5,194773,4709
서귀포시,천지연폭포,2017,6,142794,6526
서귀포시,천지연폭포,2017,7,134115,5658
서귀포시,천지연폭포,2017,8,206088,5216
서귀포시,천지연폭포,2017,9,106716,6368
서귀포시,천지연폭포,2017,10,170112,7011
서귀포시,천지연폭포,2017,11,114576,3853
서귀포시,천지연폭포,2017,12,80464,3305
서귀포시,천지연폭포,2018,1,84552,1497
서귀포시,천지연폭포,2018,2,66890,2426
서귀포시,천지연폭포,2018,3,102186,5320
서귀포시,천지연폭포,2018,4,143211,7367
서귀포시,천지연폭포,2018,5,149263,7495
서귀포시,천지연폭포,2018,6,119865,7788
서귀포시,천지연폭포,2018,7,112984,5472
서귀포시,천지연폭포,2018,8,134629,4035
서귀포시,천지연폭포,2018,9,118304,4734
서귀포시,천지연폭포,2018,10,128107,8241
서귀포시,천지연폭포,2018,11,97378,6347
서귀포시,천지연폭포,2018,12,73733,3118
서귀포시,천지연폭포,2019,1,78130,1160
서귀포시,천지연폭포,2019,2,84134,1885
서귀포시,천지연폭포,2019,3,97577,3682
서귀포시,천지연폭포,2019,4,122057,6816
서귀포시,천지연폭포,2019,5,137561,4893
서귀포시,천지연폭포,2019,6,105544,8030
서귀포시,천지연폭포,2019,7,102300,4709
서귀포시,천지연폭포,2019,8,129875,4632
서귀포시,천지연폭포,2019,9,95617,5165
서귀포시,천지연폭포,2019,10,134062,6853
서귀포시,천지연폭포,2019,11,103515,5094
서귀포시,천지연폭포,2019,12,75525,4729
서귀포시,카멜리아힐,2015,1,0,0
서귀포시,카멜리아힐,2015,2,0,0
서귀포시,카멜리아힐,2015,3,0,0
서귀포시,카멜리아힐,2015,4,0,0
서귀포시,카멜리아힐,2015,5,0,0
서귀포시,카멜리아힐,2015,6,0,0
서귀포시,카멜리아힐,2015,7,0,0
서귀포시,카멜리아힐,2015,8,0,0
서귀포시,카멜리아힐,2015,9,0,0
서귀포시,카멜리아힐,2015,10,0,0
서귀포시,카멜리아힐,2015,11,0,0
서귀포시,카멜리아힐,2015,12,0,0
서귀포시,카멜리아힐,2016,1,0,0
서귀포시,카멜리아힐,2016,2,0,0
서귀포시,카멜리아힐,2016,3,0,0
서귀포시,카멜리아힐,2016,4,0,0
서귀포시,카멜리아힐,2016,5,0,0
서귀포시,카멜리아힐,2016,6,0,0
서귀포시,카멜리아힐,2016,7,0,0
서귀포시,카멜리아힐,2016,8,0,0
서귀포시,카멜리아힐,2016,9,0,0
서귀포시,카멜리아힐,2016,10,0,0
서귀포시,카멜리아힐,2016,11,0,0
서귀포시,카멜리아힐,2016,12,0,0
서귀포시,카멜리아힐,2017,1,0,0
서귀포시,카멜리아힐,2017,2,0,0
서귀포시,카멜리아힐,2017,3,0,0
서귀포시,카멜리아힐,2017,4,0,0
서귀포시,카멜리아힐,2017,5,0,0
서귀포시,카멜리아힐,2017,6,0,0
서귀포시,카멜리아힐,2017,7,0,0
서귀포시,카멜리아힐,2017,8,0,0
서귀포시,카멜리아힐,2017,9,0,0
서귀포시,카멜리아힐,2017,10,0,0
서귀포시,카멜리아힐,2017,11,0,0
서귀포시,카멜리아힐,2017,12,0,0
서귀포시,카멜리아힐,2018,1,48130,110
서귀포시,카멜리아힐,2018,2,33846,121
서귀포시,카멜리아힐,2018,3,28721,151
서귀포시,카멜리아힐,2018,4,64859,1408
서귀포시,카멜리아힐,2018,5,58659,989
서귀포시,카멜리아힐,2018,6,66192,1366
서귀포시,카멜리아힐,2018,7,57249,1771
서귀포시,카멜리아힐,2018,8,32065,992
서귀포시,카멜리아힐,2018,9,39917,1235
서귀포시,카멜리아힐,2018,10,21408,1862
서귀포시,카멜리아힐,2018,11,29373,2554
서귀포시,카멜리아힐,2018,12,38887,3382
서귀포시,카멜리아힐,2019,1,67588,2945
서귀포시,카멜리아힐,2019,2,54800,3911
서귀포시,카멜리아힐,2019,3,55733,2474
서귀포시,카멜리아힐,2019,4,59874,3631
서귀포시,카멜리아힐,2019,5,54261,4097
서귀포시,카멜리아힐,2019,6,60612,4654
서귀포시,카멜리아힐,2019,7,52622,6112
서귀포시,카멜리아힐,2019,8,29126,3759
서귀포시,카멜리아힐,2019,9,37655,4380
서귀포시,카멜리아힐,2019,10,38799,15120
서귀포시,카멜리아힐,2019,11,43885,21522
서귀포시,카멜리아힐,2019,12,64255,26897
서귀포시,테디베어뮤지엄,2015,1,0,0
서귀포시,테디베어뮤지엄,2015,2,0,0
서귀포시,테디베어뮤지엄,2015,3,0,0
서귀포시,테디베어뮤지엄,2015,4,0,0
서귀포시,테디베어뮤지엄,2015,5,0,0
서귀포시,테디베어뮤지엄,2015,6,0,0
서귀포시,테디베어뮤지엄,2015,7,0,0
서귀포시,테디베어뮤지엄,2015,8,0,0
서귀포시,테디베어뮤지엄,2015,9,0,0
서귀포시,테디베어뮤지엄,2015,10,0,0
서귀포시,테디베어뮤지엄,2015,11,0,0
서귀포시,테디베어뮤지엄,2015,12,0,0
서귀포시,테디베어뮤지엄,2016,1,0,0
서귀포시,테디베어뮤지엄,2016,2,0,0
서귀포시,테디베어뮤지엄,2016,3,0,0
서귀포시,테디베어뮤지엄,2016,4,0,0
서귀포시,테디베어뮤지엄,2016,5,0,0
서귀포시,테디베어뮤지엄,2016,6,0,0
서귀포시,테디베어뮤지엄,2016,7,0,0
서귀포시,테디베어뮤지엄,2016,8,0,0
서귀포시,테디베어뮤지엄,2016,9,0,0
서귀포시,테디베어뮤지엄,2016,10,0,0
서귀포시,테디베어뮤지엄,2016,11,0,0
서귀포시,테디베어뮤지엄,2016,12,0,0
서귀포시,테디베어뮤지엄,2017,1,0,0
서귀포시,테디베어뮤지엄,2017,2,0,0
서귀포시,테디베어뮤지엄,2017,3,0,0
서귀포시,테디베어뮤지엄,2017,4,0,0
서귀포시,테디베어뮤지엄,2017,5,0,0
서귀포시,테디베어뮤지엄,2017,6,0,0
서귀포시,테디베어뮤지엄,2017,7,0,0
서귀포시,테디베어뮤지엄,2017,8,0,0
서귀포시,테디베어뮤지엄,2017,9,0,0
서귀포시,테디베어뮤지엄,2017,10,0,0
서귀포시,테디베어뮤지엄,2017,11,0,0
서귀포시,테디베어뮤지엄,2017,12,0,0
서귀포시,테디베어뮤지엄,2018,1,0,0
서귀포시,테디베어뮤지엄,2018,2,0,0
서귀포시,테디베어뮤지엄,2018,3,0,0
서귀포시,테디베어뮤지엄,2018,4,0,0
서귀포시,테디베어뮤지엄,2018,5,0,0
서귀포시,테디베어뮤지엄,2018,6,0,0
서귀포시,테디베어뮤지엄,2018,7,0,0
서귀포시,테디베어뮤지엄,2018,8,0,0
서귀포시,테디베어뮤지엄,2018,9,0,0
서귀포시,테디베어뮤지엄,2018,10,0,0
서귀포시,테디베어뮤지엄,2018,11,0,0
서귀포시,테디베어뮤지엄,2018,12,0,0
서귀포시,테디베어뮤지엄,2019,1,0,0
서귀포시,테디베어뮤지엄,2019,2,0,0
서귀포시,테디베어뮤지엄,2019,3,0,0
서귀포시,테디베어뮤지엄,2019,4,0,0
서귀포시,테디베어뮤지엄,2019,5,0,0
서귀포시,테디베어뮤지엄,2019,6,0,0
서귀포시,테디베어뮤지엄,2019,7,0,0
서귀포시,테디베어뮤지엄,2019,8,0,0
서귀포시,테디베어뮤지엄,2019,9,0,0
서귀포시,테디베어뮤지엄,2019,10,0,0
서귀포시,테디베어뮤지엄,2019,11,0,0
서귀포시,테디베어뮤지엄,2019,12,0,0
서귀포시,퍼시픽랜드,2015,1,0,0
서귀포시,퍼시픽랜드,2015,2,0,0
서귀포시,퍼시픽랜드,2015,3,0,0
서귀포시,퍼시픽랜드,2015,4,0,0
서귀포시,퍼시픽랜드,2015,5,0,0
서귀포시,퍼시픽랜드,2015,6,0,0
서귀포시,퍼시픽랜드,2015,7,0,0
서귀포시,퍼시픽랜드,2015,8,0,0
서귀포시,퍼시픽랜드,2015,9,0,0
서귀포시,퍼시픽랜드,2015,10,0,0
서귀포시,퍼시픽랜드,2015,11,0,0
서귀포시,퍼시픽랜드,2015,12,0,0
서귀포시,퍼시픽랜드,2016,1,0,0
서귀포시,퍼시픽랜드,2016,2,0,0
서귀포시,퍼시픽랜드,2016,3,0,0
서귀포시,퍼시픽랜드,2016,4,0,0
서귀포시,퍼시픽랜드,2016,5,0,0
서귀포시,퍼시픽랜드,2016,6,0,0
서귀포시,퍼시픽랜드,2016,7,0,0
서귀포시,퍼시픽랜드,2016,8,0,0
서귀포시,퍼시픽랜드,2016,9,0,0
서귀포시,퍼시픽랜드,2016,10,0,0
서귀포시,퍼시픽랜드,2016,11,0,0
서귀포시,퍼시픽랜드,2016,12,0,0
서귀포시,퍼시픽랜드,2017,1,0,0
서귀포시,퍼시픽랜드,2017,2,0,0
서귀포시,퍼시픽랜드,2017,3,0,0
서귀포시,퍼시픽랜드,2017,4,0,0
서귀포시,퍼시픽랜드,2017,5,0,0
서귀포시,퍼시픽랜드,2017,6,0,0
서귀포시,퍼시픽랜드,2017,7,0,0
서귀포시,퍼시픽랜드,2017,8,0,0
서귀포시,퍼시픽랜드,2017,9,0,0
서귀포시,퍼시픽랜드,2017,10,0,0
서귀포시,퍼시픽랜드,2017,11,0,0
서귀포시,퍼시픽랜드,2017,12,0,0
서귀포시,퍼시픽랜드,2018,1,0,0
서귀포시,퍼시픽랜드,2018,2,0,0
서귀포시,퍼시픽랜드,2018,3,0,0
서귀포시,퍼시픽랜드,2018,4,0,0
서귀포시,퍼시픽랜드,2018,5,0,0
서귀포시,퍼시픽랜드,2018,6,0,0
서귀포시,퍼시픽랜드,2018,7,0,0
서귀포시,퍼시픽랜드,2018,8,0,0
서귀포시,퍼시픽랜드,2018,9,0,0
서귀포시,퍼시픽랜드,2018,10,0,0
서귀포시,퍼시픽랜드,2018,11,0,0
서귀포시,퍼시픽랜드,2018,12,0,0
서귀포시,퍼시픽랜드,2019,1,44161,0
서귀포시,퍼시픽랜드,2019,2,49058,0
서귀포시,퍼시픽랜드,2019,3,46542,0
서귀포시,퍼시픽랜드,2019,4,65376,0
서귀포시,퍼시픽랜드,2019,5,89972,0
서귀포시,퍼시픽랜드,2019,6,68582,0
서귀포시,퍼시픽랜드,2019,7,85233,0
서귀포시,퍼시픽랜드,2019,8,107678,0
서귀포시,퍼시픽랜드,2019,9,70687,0
서귀포시,퍼시픽랜드,2019,10,0,0
서귀포시,퍼시픽랜드,2019,11,0,0
서귀포시,퍼시픽랜드,2019,12,0,0
서귀포시,한화아쿠아플라넷제주,2015,1,91058,1961
서귀포시,한화아쿠아플라넷제주,2015,2,82064,4280
서귀포시,한화아쿠아플라넷제주,2015,3,74649,2745
서귀포시,한화아쿠아플라넷제주,2015,4,106946,4757
서귀포시,한화아쿠아플라넷제주,2015,5,111214,3909
서귀포시,한화아쿠아플라넷제주,2015,6,76856,4621
서귀포시,한화아쿠아플라넷제주,2015,7,107994,1214
서귀포시,한화아쿠아플라넷제주,2015,8,154232,3594
서귀포시,한화아쿠아플라넷제주,2015,9,105583,5086
서귀포시,한화아쿠아플라넷제주,2015,10,111829,10096
서귀포시,한화아쿠아플라넷제주,2015,11,83645,8686
서귀포시,한화아쿠아플라넷제주,2015,12,72122,9476
서귀포시,한화아쿠아플라넷제주,2016,1,84301,7791
서귀포시,한화아쿠아플라넷제주,2016,2,84427,12500
서귀포시,한화아쿠아플라넷제주,2016,3,61839,14905
서귀포시,한화아쿠아플라넷제주,2016,4,92438,19109
서귀포시,한화아쿠아플라넷제주,2016,5,98573,19032
서귀포시,한화아쿠아플라넷제주,2016,6,100329,19459
서귀포시,한화아쿠아플라넷제주,2016,7,116726,41127
서귀포시,한화아쿠아플라넷제주,2016,8,147189,37744
서귀포시,한화아쿠아플라넷제주,2016,9,120178,14887
서귀포시,한화아쿠아플라넷제주,2016,10,119861,18259
서귀포시,한화아쿠아플라넷제주,2016,11,80957,8636
서귀포시,한화아쿠아플라넷제주,2016,12,88060,8488
서귀포시,한화아쿠아플라넷제주,2017,1,95217,9192
서귀포시,한화아쿠아플라넷제주,2017,2,83940,7507
서귀포시,한화아쿠아플라넷제주,2017,3,74580,2595
서귀포시,한화아쿠아플라넷제주,2017,4,102014,1923
서귀포시,한화아쿠아플라넷제주,2017,5,111476,3354
서귀포시,한화아쿠아플라넷제주,2017,6,97249,2007
서귀포시,한화아쿠아플라넷제주,2017,7,106545,2759
서귀포시,한화아쿠아플라넷제주,2017,8,141945,3383
서귀포시,한화아쿠아플라넷제주,2017,9,107460,2366
서귀포시,한화아쿠아플라넷제주,2017,10,119762,2894
서귀포시,한화아쿠아플라넷제주,2017,11,69801,1248
서귀포시,한화아쿠아플라넷제주,2017,12,74779,6239
서귀포시,한화아쿠아플라넷제주,2018,1,84915,4115
서귀포시,한화아쿠아플라넷제주,2018,2,79901,4630
서귀포시,한화아쿠아플라넷제주,2018,3,64847,3831
서귀포시,한화아쿠아플라넷제주,2018,4,91670,4686
서귀포시,한화아쿠아플라넷제주,2018,5,98015,5468
서귀포시,한화아쿠아플라넷제주,2018,6,74242,3947
서귀포시,한화아쿠아플라넷제주,2018,7,82812,6580
서귀포시,한화아쿠아플라넷제주,2018,8,106333,8361
서귀포시,한화아쿠아플라넷제주,2018,9,83719,4353
서귀포시,한화아쿠아플라넷제주,2018,10,69897,4639
서귀포시,한화아쿠아플라넷제주,2018,11,47800,2350
서귀포시,한화아쿠아플라넷제주,2018,12,53088,5359
서귀포시,한화아쿠아플라넷제주,2019,1,54685,4916
서귀포시,한화아쿠아플라넷제주,2019,2,58945,5728
서귀포시,한화아쿠아플라넷제주,2019,3,52792,2747
서귀포시,한화아쿠아플라넷제주,2019,4,62200,4211
서귀포시,한화아쿠아플라넷제주,2019,5,74936,4599
서귀포시,한화아쿠아플라넷제주,2019,6,69341,3920
서귀포시,한화아쿠아플라넷제주,2019,7,97350,9960
서귀포시,한화아쿠아플라넷제주,2019,8,103003,13794
서귀포시,한화아쿠아플라넷제주,2019,9,69541,7212
서귀포시,한화아쿠아플라넷제주,2019,10,75118,7782
서귀포시,한화아쿠아플라넷제주,2019,11,49534,5218
서귀포시,한화아쿠아플라넷제주,2019,12,60363,5792
