,Gungu,Name,Year,Month,Korean,Foreigner
0,제주시,(주)제주미니미니랜드,2015,1,0,0
1,제주시,(주)제주미니미니랜드,2015,2,0,0
2,제주시,(주)제주미니미니랜드,2015,3,0,0
3,제주시,(주)제주미니미니랜드,2015,4,0,0
4,제주시,(주)제주미니미니랜드,2015,5,0,0
5,제주시,(주)제주미니미니랜드,2015,6,0,0
6,제주시,(주)제주미니미니랜드,2015,7,0,0
7,제주시,(주)제주미니미니랜드,2015,8,0,0
8,제주시,(주)제주미니미니랜드,2015,9,0,0
9,제주시,(주)제주미니미니랜드,2015,10,0,0
10,제주시,(주)제주미니미니랜드,2015,11,0,0
11,제주시,(주)제주미니미니랜드,2015,12,0,0
12,제주시,(주)제주미니미니랜드,2016,1,0,0
13,제주시,(주)제주미니미니랜드,2016,2,0,0
14,제주시,(주)제주미니미니랜드,2016,3,0,0
15,제주시,(주)제주미니미니랜드,2016,4,0,0
16,제주시,(주)제주미니미니랜드,2016,5,0,0
17,제주시,(주)제주미니미니랜드,2016,6,0,0
18,제주시,(주)제주미니미니랜드,2016,7,0,0
19,제주시,(주)제주미니미니랜드,2016,8,0,0
20,제주시,(주)제주미니미니랜드,2016,9,0,0
21,제주시,(주)제주미니미니랜드,2016,10,0,0
22,제주시,(주)제주미니미니랜드,2016,11,0,0
23,제주시,(주)제주미니미니랜드,2016,12,0,0
24,제주시,(주)제주미니미니랜드,2017,1,0,0
25,제주시,(주)제주미니미니랜드,2017,2,0,0
26,제주시,(주)제주미니미니랜드,2017,3,0,0
27,제주시,(주)제주미니미니랜드,2017,4,0,0
28,제주시,(주)제주미니미니랜드,2017,5,0,0
29,제주시,(주)제주미니미니랜드,2017,6,0,0
30,제주시,(주)제주미니미니랜드,2017,7,0,0
31,제주시,(주)제주미니미니랜드,2017,8,0,0
32,제주시,(주)제주미니미니랜드,2017,9,0,0
33,제주시,(주)제주미니미니랜드,2017,10,0,0
34,제주시,(주)제주미니미니랜드,2017,11,0,0
35,제주시,(주)제주미니미니랜드,2017,12,0,0
36,제주시,(주)제주미니미니랜드,2018,1,0,0
37,제주시,(주)제주미니미니랜드,2018,2,0,0
38,제주시,(주)제주미니미니랜드,2018,3,0,0
39,제주시,(주)제주미니미니랜드,2018,4,0,0
40,제주시,(주)제주미니미니랜드,2018,5,0,0
41,제주시,(주)제주미니미니랜드,2018,6,0,0
42,제주시,(주)제주미니미니랜드,2018,7,0,0
43,제주시,(주)제주미니미니랜드,2018,8,0,0
44,제주시,(주)제주미니미니랜드,2018,9,0,0
45,제주시,(주)제주미니미니랜드,2018,10,0,0
46,제주시,(주)제주미니미니랜드,2018,11,0,0
47,제주시,(주)제주미니미니랜드,2018,12,0,0
48,제주시,(주)제주미니미니랜드,2019,1,0,0
49,제주시,(주)제주미니미니랜드,2019,2,0,0
50,제주시,(주)제주미니미니랜드,2019,3,0,0
51,제주시,(주)제주미니미니랜드,2019,4,0,0
52,제주시,(주)제주미니미니랜드,2019,5,0,0
53,제주시,(주)제주미니미니랜드,2019,6,0,0
54,제주시,(주)제주미니미니랜드,2019,7,0,0
55,제주시,(주)제주미니미니랜드,2019,8,0,0
56,제주시,(주)제주미니미니랜드,2019,9,0,0
57,제주시,(주)제주미니미니랜드,2019,10,0,0
58,제주시,(주)제주미니미니랜드,2019,11,0,0
59,제주시,(주)제주미니미니랜드,2019,12,0,0
60,제주시,국립제주박물관,2015,1,"35,260",279
61,제주시,국립제주박물관,2015,2,"30,870",466
62,제주시,국립제주박물관,2015,3,"21,959",491
63,제주시,국립제주박물관,2015,4,"32,732",609
64,제주시,국립제주박물관,2015,5,"36,713",811
65,제주시,국립제주박물관,2015,6,"19,769",945
66,제주시,국립제주박물관,2015,7,"25,197",227
67,제주시,국립제주박물관,2015,8,"40,955","1,004"
68,제주시,국립제주박물관,2015,9,"43,879","5,381"
69,제주시,국립제주박물관,2015,10,"26,612","1,655"
70,제주시,국립제주박물관,2015,11,"18,369",678
71,제주시,국립제주박물관,2015,12,"17,261","1,026"
72,제주시,국립제주박물관,2016,1,"20,275","1,765"
73,제주시,국립제주박물관,2016,2,"15,964","2,544"
74,제주시,국립제주박물관,2016,3,"19,234","1,446"
75,제주시,국립제주박물관,2016,4,"38,780","4,947"
76,제주시,국립제주박물관,2016,5,"43,177","5,113"
77,제주시,국립제주박물관,2016,6,"17,031","2,658"
78,제주시,국립제주박물관,2016,7,"20,248","2,647"
79,제주시,국립제주박물관,2016,8,"24,473","2,157"
80,제주시,국립제주박물관,2016,9,"23,098","2,940"
81,제주시,국립제주박물관,2016,10,"22,783",514
82,제주시,국립제주박물관,2016,11,"14,624","4,072"
83,제주시,국립제주박물관,2016,12,"13,976","2,003"
84,제주시,국립제주박물관,2017,1,"12,569","4,668"
85,제주시,국립제주박물관,2017,2,"8,900","1,879"
86,제주시,국립제주박물관,2017,3,"14,689","1,462"
87,제주시,국립제주박물관,2017,4,"13,967",303
88,제주시,국립제주박물관,2017,5,"20,177",344
89,제주시,국립제주박물관,2017,6,"14,000",126
90,제주시,국립제주박물관,2017,7,"13,368",175
91,제주시,국립제주박물관,2017,8,"24,986",224
92,제주시,국립제주박물관,2017,9,"22,307",152
93,제주시,국립제주박물관,2017,10,"27,599",135
94,제주시,국립제주박물관,2017,11,"16,272",161
95,제주시,국립제주박물관,2017,12,"30,629",149
96,제주시,국립제주박물관,2018,1,"33,630",120
97,제주시,국립제주박물관,2018,2,"24,396",216
98,제주시,국립제주박물관,2018,3,"20,195",200
99,제주시,국립제주박물관,2018,4,"26,893",256
100,제주시,국립제주박물관,2018,5,"30,340","1,491"
101,제주시,국립제주박물관,2018,6,"23,061",247
102,제주시,국립제주박물관,2018,7,"30,584",620
103,제주시,국립제주박물관,2018,8,"44,063",639
104,제주시,국립제주박물관,2018,9,"34,569",289
105,제주시,국립제주박물관,2018,10,"29,993",376
106,제주시,국립제주박물관,2018,11,"19,249",210
107,제주시,국립제주박물관,2018,12,"20,957",357
108,제주시,국립제주박물관,2019,1,"17,555",282
109,제주시,국립제주박물관,2019,2,"14,250",391
110,제주시,국립제주박물관,2019,3,"28,195",190
111,제주시,국립제주박물관,2019,4,"33,417",377
112,제주시,국립제주박물관,2019,5,"42,474",391
113,제주시,국립제주박물관,2019,6,"30,595",367
114,제주시,국립제주박물관,2019,7,"29,595",493
115,제주시,국립제주박물관,2019,8,"45,542",656
116,제주시,국립제주박물관,2019,9,"34,800",517
117,제주시,국립제주박물관,2019,10,"35,492",495
118,제주시,국립제주박물관,2019,11,"19,689",448
119,제주시,국립제주박물관,2019,12,"26,557",749
120,제주시,도립미술관,2015,1,"9,522",135
121,제주시,도립미술관,2015,2,"6,170",120
122,제주시,도립미술관,2015,3,"5,078",259
123,제주시,도립미술관,2015,4,"7,170",184
124,제주시,도립미술관,2015,5,"11,560",270
125,제주시,도립미술관,2015,6,"6,334",116
126,제주시,도립미술관,2015,7,"12,370",137
127,제주시,도립미술관,2015,8,"10,666",157
128,제주시,도립미술관,2015,9,"18,844",180
129,제주시,도립미술관,2015,10,"25,989",184
130,제주시,도립미술관,2015,11,"20,756",150
131,제주시,도립미술관,2015,12,"7,741",136
132,제주시,도립미술관,2016,1,"8,052",122
133,제주시,도립미술관,2016,2,"6,950",193
134,제주시,도립미술관,2016,3,"5,179",212
135,제주시,도립미술관,2016,4,"7,312",202
136,제주시,도립미술관,2016,5,"10,838",211
137,제주시,도립미술관,2016,6,"7,106",252
138,제주시,도립미술관,2016,7,"11,044",326
139,제주시,도립미술관,2016,8,"10,962",407
140,제주시,도립미술관,2016,9,"9,690",259
141,제주시,도립미술관,2016,10,"11,248",408
142,제주시,도립미술관,2016,11,"11,751",396
143,제주시,도립미술관,2016,12,"9,138",160
144,제주시,도립미술관,2017,1,"6,920",287
145,제주시,도립미술관,2017,2,"5,643",215
146,제주시,도립미술관,2017,3,"4,964",159
147,제주시,도립미술관,2017,4,"8,495",278
148,제주시,도립미술관,2017,5,"11,173",269
149,제주시,도립미술관,2017,6,"7,107",249
150,제주시,도립미술관,2017,7,"8,208",130
151,제주시,도립미술관,2017,8,"8,108",102
152,제주시,도립미술관,2017,9,"8,929",173
153,제주시,도립미술관,2017,10,"9,878",173
154,제주시,도립미술관,2017,11,"6,980",81
155,제주시,도립미술관,2017,12,"4,851",27
156,제주시,도립미술관,2018,1,"6,454",42
157,제주시,도립미술관,2018,2,"4,629",54
158,제주시,도립미술관,2018,3,"4,142",54
159,제주시,도립미술관,2018,4,"5,776",134
160,제주시,도립미술관,2018,5,"7,958",75
161,제주시,도립미술관,2018,6,"4,337",29
162,제주시,도립미술관,2018,7,"14,121",162
163,제주시,도립미술관,2018,8,"18,900",198
164,제주시,도립미술관,2018,9,"12,697",160
165,제주시,도립미술관,2018,10,"7,469",29
166,제주시,도립미술관,2018,11,"13,265",31
167,제주시,도립미술관,2018,12,"25,345",38
168,제주시,도립미술관,2019,1,"6,034",6
169,제주시,도립미술관,2019,2,"12,310",12
170,제주시,도립미술관,2019,3,"10,432",10
171,제주시,도립미술관,2019,4,"4,180",6
172,제주시,도립미술관,2019,5,"12,042",26
173,제주시,도립미술관,2019,6,"16,172",32
174,제주시,도립미술관,2019,7,"13,571",22
175,제주시,도립미술관,2019,8,"12,269",17
176,제주시,도립미술관,2019,9,"3,043",18
177,제주시,도립미술관,2019,10,"9,003",125
178,제주시,도립미술관,2019,11,"12,560",305
179,제주시,도립미술관,2019,12,"14,469",129
180,제주시,만장굴관광지,2015,1,"51,849","2,446"
181,제주시,만장굴관광지,2015,2,"43,006","3,038"
182,제주시,만장굴관광지,2015,3,"36,225","5,103"
183,제주시,만장굴관광지,2015,4,"50,608","7,933"
184,제주시,만장굴관광지,2015,5,"63,091","8,659"
185,제주시,만장굴관광지,2015,6,"47,477","5,253"
186,제주시,만장굴관광지,2015,7,"77,626","2,878"
187,제주시,만장굴관광지,2015,8,"115,419","3,688"
188,제주시,만장굴관광지,2015,9,"60,467","6,620"
189,제주시,만장굴관광지,2015,10,"60,133","7,674"
190,제주시,만장굴관광지,2015,11,"45,551","6,101"
191,제주시,만장굴관광지,2015,12,"39,386","4,347"
192,제주시,만장굴관광지,2016,1,"50,108","1,761"
193,제주시,만장굴관광지,2016,2,"49,956","2,773"
194,제주시,만장굴관광지,2016,3,"34,592","7,107"
195,제주시,만장굴관광지,2016,4,"52,066","8,845"
196,제주시,만장굴관광지,2016,5,"57,300","10,495"
197,제주시,만장굴관광지,2016,6,"50,111","8,445"
198,제주시,만장굴관광지,2016,7,"86,093","8,188"
199,제주시,만장굴관광지,2016,8,"122,394","6,939"
200,제주시,만장굴관광지,2016,9,"62,659","8,500"
201,제주시,만장굴관광지,2016,10,"59,726","9,529"
202,제주시,만장굴관광지,2016,11,"40,506","6,617"
203,제주시,만장굴관광지,2016,12,"39,137","5,961"
204,제주시,만장굴관광지,2017,1,"52,689","1,433"
205,제주시,만장굴관광지,2017,2,"48,975","1,021"
206,제주시,만장굴관광지,2017,3,"40,029","3,914"
207,제주시,만장굴관광지,2017,4,"66,434","9,080"
208,제주시,만장굴관광지,2017,5,"68,843","5,522"
209,제주시,만장굴관광지,2017,6,"64,366","5,876"
210,제주시,만장굴관광지,2017,7,"103,901","4,496"
211,제주시,만장굴관광지,2017,8,"123,177","3,635"
212,제주시,만장굴관광지,2017,9,"63,967","5,515"
213,제주시,만장굴관광지,2017,10,"67,375","6,761"
214,제주시,만장굴관광지,2017,11,"39,275","3,965"
215,제주시,만장굴관광지,2017,12,"38,612","4,008"
216,제주시,만장굴관광지,2018,1,"44,972","2,157"
217,제주시,만장굴관광지,2018,2,"31,996","2,319"
218,제주시,만장굴관광지,2018,3,"44,845","5,469"
219,제주시,만장굴관광지,2018,4,"54,775","7,345"
220,제주시,만장굴관광지,2018,5,"69,801","8,333"
221,제주시,만장굴관광지,2018,6,"57,540","8,721"
222,제주시,만장굴관광지,2018,7,"90,691","7,436"
223,제주시,만장굴관광지,2018,8,"115,456","7,483"
224,제주시,만장굴관광지,2018,9,"53,550","7,606"
225,제주시,만장굴관광지,2018,10,"47,490","9,131"
226,제주시,만장굴관광지,2018,11,"32,144","7,187"
227,제주시,만장굴관광지,2018,12,"35,724","5,301"
228,제주시,만장굴관광지,2019,1,"39,200","1,688"
229,제주시,만장굴관광지,2019,2,"38,344","1,951"
230,제주시,만장굴관광지,2019,3,"34,989","4,631"
231,제주시,만장굴관광지,2019,4,"41,639","8,602"
232,제주시,만장굴관광지,2019,5,"53,230","8,398"
233,제주시,만장굴관광지,2019,6,"48,159","9,534"
234,제주시,만장굴관광지,2019,7,"64,869","7,276"
235,제주시,만장굴관광지,2019,8,"94,458","7,724"
236,제주시,만장굴관광지,2019,9,"42,418","6,943"
237,제주시,만장굴관광지,2019,10,"45,208","8,669"
238,제주시,만장굴관광지,2019,11,"30,216","6,028"
239,제주시,만장굴관광지,2019,12,"33,042","5,317"
240,제주시,민속자연사박물관,2015,1,"23,298","26,161"
241,제주시,민속자연사박물관,2015,2,"20,557","25,831"
242,제주시,민속자연사박물관,2015,3,"33,556","34,264"
243,제주시,민속자연사박물관,2015,4,"59,881","30,608"
244,제주시,민속자연사박물관,2015,5,"20,216","31,793"
245,제주시,민속자연사박물관,2015,6,"17,417","41,555"
246,제주시,민속자연사박물관,2015,7,"19,543","11,221"
247,제주시,민속자연사박물관,2015,8,"30,122","25,159"
248,제주시,민속자연사박물관,2015,9,"39,009","41,549"
249,제주시,민속자연사박물관,2015,10,"42,496","46,917"
250,제주시,민속자연사박물관,2015,11,"34,045","36,054"
251,제주시,민속자연사박물관,2015,12,"36,242","29,821"
252,제주시,민속자연사박물관,2016,1,"25,213","36,313"
253,제주시,민속자연사박물관,2016,2,"21,375","39,938"
254,제주시,민속자연사박물관,2016,3,"28,920","58,611"
255,제주시,민속자연사박물관,2016,4,"49,446","48,605"
256,제주시,민속자연사박물관,2016,5,"45,789","56,506"
257,제주시,민속자연사박물관,2016,6,"27,947","59,470"
258,제주시,민속자연사박물관,2016,7,"18,385","44,230"
259,제주시,민속자연사박물관,2016,8,"22,449","55,505"
260,제주시,민속자연사박물관,2016,9,"27,387","39,425"
261,제주시,민속자연사박물관,2016,10,"41,039","37,188"
262,제주시,민속자연사박물관,2016,11,"21,614","24,949"
263,제주시,민속자연사박물관,2016,12,"15,585","30,285"
264,제주시,민속자연사박물관,2017,1,"20,702","31,332"
265,제주시,민속자연사박물관,2017,2,"18,516","23,879"
266,제주시,민속자연사박물관,2017,3,"29,835","12,207"
267,제주시,민속자연사박물관,2017,4,"46,980","2,753"
268,제주시,민속자연사박물관,2017,5,"34,009","2,101"
269,제주시,민속자연사박물관,2017,6,"24,467","2,570"
270,제주시,민속자연사박물관,2017,7,"18,287","2,874"
271,제주시,민속자연사박물관,2017,8,"23,976","2,829"
272,제주시,민속자연사박물관,2017,9,"26,466","2,229"
273,제주시,민속자연사박물관,2017,10,"32,661","2,994"
274,제주시,민속자연사박물관,2017,11,"20,943","1,836"
275,제주시,민속자연사박물관,2017,12,"19,960","1,273"
276,제주시,민속자연사박물관,2018,1,"23,410","1,082"
277,제주시,민속자연사박물관,2018,2,"17,144","1,578"
278,제주시,민속자연사박물관,2018,3,"26,543","2,350"
279,제주시,민속자연사박물관,2018,4,"44,163","3,832"
280,제주시,민속자연사박물관,2018,5,"39,178","2,287"
281,제주시,민속자연사박물관,2018,6,"22,866","3,869"
282,제주시,민속자연사박물관,2018,7,"18,805","3,248"
283,제주시,민속자연사박물관,2018,8,"27,444","3,826"
284,제주시,민속자연사박물관,2018,9,"33,398","4,606"
285,제주시,민속자연사박물관,2018,10,"64,812","5,118"
286,제주시,민속자연사박물관,2018,11,"36,887","4,637"
287,제주시,민속자연사박물관,2018,12,"54,222","5,294"
288,제주시,민속자연사박물관,2019,1,"15,751","3,919"
289,제주시,민속자연사박물관,2019,2,"26,404","5,333"
290,제주시,민속자연사박물관,2019,3,"21,059","6,476"
291,제주시,민속자연사박물관,2019,4,"30,179","7,940"
292,제주시,민속자연사박물관,2019,5,"46,997","7,269"
293,제주시,민속자연사박물관,2019,6,"22,005","7,031"
294,제주시,민속자연사박물관,2019,7,"17,063","7,568"
295,제주시,민속자연사박물관,2019,8,"18,959","8,404"
296,제주시,민속자연사박물관,2019,9,"21,196","6,072"
297,제주시,민속자연사박물관,2019,10,"26,820","7,176"
298,제주시,민속자연사박물관,2019,11,"24,223","7,628"
299,제주시,민속자연사박물관,2019,12,"36,512","9,387"
300,제주시,비자림,2015,1,"38,412",86
301,제주시,비자림,2015,2,"31,526",149
302,제주시,비자림,2015,3,"43,271",170
303,제주시,비자림,2015,4,"58,448",143
304,제주시,비자림,2015,5,"76,823",335
305,제주시,비자림,2015,6,"56,113",196
306,제주시,비자림,2015,7,"69,400",138
307,제주시,비자림,2015,8,"89,279",206
308,제주시,비자림,2015,9,"72,515",196
309,제주시,비자림,2015,10,"79,509",408
310,제주시,비자림,2015,11,"57,889",241
311,제주시,비자림,2015,12,"43,904",118
312,제주시,비자림,2016,1,"43,328",127
313,제주시,비자림,2016,2,"46,952",92
314,제주시,비자림,2016,3,"54,813",110
315,제주시,비자림,2016,4,"78,543",77
316,제주시,비자림,2016,5,"89,744",224
317,제주시,비자림,2016,6,"73,435",354
318,제주시,비자림,2016,7,"75,068",305
319,제주시,비자림,2016,8,"81,659",183
320,제주시,비자림,2016,9,"71,191",230
321,제주시,비자림,2016,10,"82,630",335
322,제주시,비자림,2016,11,"64,359",172
323,제주시,비자림,2016,12,"43,936",136
324,제주시,비자림,2017,1,"43,960",45
325,제주시,비자림,2017,2,"44,063",21
326,제주시,비자림,2017,3,"61,894",31
327,제주시,비자림,2017,4,"103,394",413
328,제주시,비자림,2017,5,"108,812",145
329,제주시,비자림,2017,6,"103,319",283
330,제주시,비자림,2017,7,"94,667",298
331,제주시,비자림,2017,8,"96,292",214
332,제주시,비자림,2017,9,"90,263",271
333,제주시,비자림,2017,10,"20,896",234
334,제주시,비자림,2017,11,"78,604",140
335,제주시,비자림,2017,12,"48,154",142
336,제주시,비자림,2018,1,"46,111",166
337,제주시,비자림,2018,2,"34,714",154
338,제주시,비자림,2018,3,"66,676",206
339,제주시,비자림,2018,4,"93,619",405
340,제주시,비자림,2018,5,"100,159",334
341,제주시,비자림,2018,6,"93,794",238
342,제주시,비자림,2018,7,"78,679",430
343,제주시,비자림,2018,8,"84,488",319
344,제주시,비자림,2018,9,"75,228",338
345,제주시,비자림,2018,10,"85,105",712
346,제주시,비자림,2018,11,"63,546",336
347,제주시,비자림,2018,12,"41,527",227
348,제주시,비자림,2019,1,"45,317",83
349,제주시,비자림,2019,2,"48,193",123
350,제주시,비자림,2019,3,"65,419",142
351,제주시,비자림,2019,4,"72,999",307
352,제주시,비자림,2019,5,"85,427",405
353,제주시,비자림,2019,6,"78,294",496
354,제주시,비자림,2019,7,"65,149",185
355,제주시,비자림,2019,8,"81,222",362
356,제주시,비자림,2019,9,"58,062",452
357,제주시,비자림,2019,10,"80,115",628
358,제주시,비자림,2019,11,"67,734",354
359,제주시,비자림,2019,12,"48,198",159
360,제주시,산굼부리,2015,1,0,0
361,제주시,산굼부리,2015,2,0,0
362,제주시,산굼부리,2015,3,0,0
363,제주시,산굼부리,2015,4,0,0
364,제주시,산굼부리,2015,5,0,0
365,제주시,산굼부리,2015,6,0,0
366,제주시,산굼부리,2015,7,0,0
367,제주시,산굼부리,2015,8,0,0
368,제주시,산굼부리,2015,9,0,0
369,제주시,산굼부리,2015,10,0,0
370,제주시,산굼부리,2015,11,0,0
371,제주시,산굼부리,2015,12,0,0
372,제주시,산굼부리,2016,1,0,0
373,제주시,산굼부리,2016,2,0,0
374,제주시,산굼부리,2016,3,0,0
375,제주시,산굼부리,2016,4,0,0
376,제주시,산굼부리,2016,5,0,0
377,제주시,산굼부리,2016,6,0,0
378,제주시,산굼부리,2016,7,0,0
379,제주시,산굼부리,2016,8,0,0
380,제주시,산굼부리,2016,9,0,0
381,제주시,산굼부리,2016,10,0,0
382,제주시,산굼부리,2016,11,0,0
383,제주시,산굼부리,2016,12,0,0
384,제주시,산굼부리,2017,1,0,0
385,제주시,산굼부리,2017,2,0,0
386,제주시,산굼부리,2017,3,0,0
387,제주시,산굼부리,2017,4,0,0
388,제주시,산굼부리,2017,5,0,0
389,제주시,산굼부리,2017,6,0,0
390,제주시,산굼부리,2017,7,0,0
391,제주시,산굼부리,2017,8,0,0
392,제주시,산굼부리,2017,9,0,0
393,제주시,산굼부리,2017,10,0,0
394,제주시,산굼부리,2017,11,0,0
395,제주시,산굼부리,2017,12,0,0
396,제주시,산굼부리,2018,1,0,0
397,제주시,산굼부리,2018,2,0,0
398,제주시,산굼부리,2018,3,0,0
399,제주시,산굼부리,2018,4,0,0
400,제주시,산굼부리,2018,5,0,0
401,제주시,산굼부리,2018,6,0,0
402,제주시,산굼부리,2018,7,0,0
403,제주시,산굼부리,2018,8,0,0
404,제주시,산굼부리,2018,9,0,0
405,제주시,산굼부리,2018,10,0,0
406,제주시,산굼부리,2018,11,0,0
407,제주시,산굼부리,2018,12,0,0
408,제주시,산굼부리,2019,1,0,0
409,제주시,산굼부리,2019,2,0,0
410,제주시,산굼부리,2019,3,0,0
411,제주시,산굼부리,2019,4,0,0
412,제주시,산굼부리,2019,5,0,0
413,제주시,산굼부리,2019,6,0,0
414,제주시,산굼부리,2019,7,0,0
415,제주시,산굼부리,2019,8,0,0
416,제주시,산굼부리,2019,9,0,0
417,제주시,산굼부리,2019,10,0,0
418,제주시,산굼부리,2019,11,0,0
419,제주시,산굼부리,2019,12,0,0
420,제주시,삼성혈,2015,1,0,0
421,제주시,삼성혈,2015,2,0,0
422,제주시,삼성혈,2015,3,0,0
423,제주시,삼성혈,2015,4,0,0
424,제주시,삼성혈,2015,5,0,0
425,제주시,삼성혈,2015,6,0,0
426,제주시,삼성혈,2015,7,0,0
427,제주시,삼성혈,2015,8,0,0
428,제주시,삼성혈,2015,9,0,0
429,제주시,삼성혈,2015,10,0,0
430,제주시,삼성혈,2015,11,0,0
431,제주시,삼성혈,2015,12,0,0
432,제주시,삼성혈,2016,1,0,0
433,제주시,삼성혈,2016,2,0,0
434,제주시,삼성혈,2016,3,0,0
435,제주시,삼성혈,2016,4,0,0
436,제주시,삼성혈,2016,5,0,0
437,제주시,삼성혈,2016,6,0,0
438,제주시,삼성혈,2016,7,0,0
439,제주시,삼성혈,2016,8,0,0
440,제주시,삼성혈,2016,9,0,0
441,제주시,삼성혈,2016,10,0,0
442,제주시,삼성혈,2016,11,0,0
443,제주시,삼성혈,2016,12,0,0
444,제주시,삼성혈,2017,1,0,0
445,제주시,삼성혈,2017,2,0,0
446,제주시,삼성혈,2017,3,0,0
447,제주시,삼성혈,2017,4,0,0
448,제주시,삼성혈,2017,5,0,0
449,제주시,삼성혈,2017,6,0,0
450,제주시,삼성혈,2017,7,0,0
451,제주시,삼성혈,2017,8,0,0
452,제주시,삼성혈,2017,9,0,0
453,제주시,삼성혈,2017,10,0,0
454,제주시,삼성혈,2017,11,0,0
455,제주시,삼성혈,2017,12,0,0
456,제주시,삼성혈,2018,1,0,0
457,제주시,삼성혈,2018,2,0,0
458,제주시,삼성혈,2018,3,0,0
459,제주시,삼성혈,2018,4,0,0
460,제주시,삼성혈,2018,5,0,0
461,제주시,삼성혈,2018,6,0,0
462,제주시,삼성혈,2018,7,0,0
463,제주시,삼성혈,2018,8,0,0
464,제주시,삼성혈,2018,9,0,0
465,제주시,삼성혈,2018,10,0,0
466,제주시,삼성혈,2018,11,0,0
467,제주시,삼성혈,2018,12,0,0
468,제주시,삼성혈,2019,1,0,0
469,제주시,삼성혈,2019,2,0,0
470,제주시,삼성혈,2019,3,0,0
471,제주시,삼성혈,2019,4,0,0
472,제주시,삼성혈,2019,5,0,0
473,제주시,삼성혈,2019,6,0,0
474,제주시,삼성혈,2019,7,0,0
475,제주시,삼성혈,2019,8,0,0
476,제주시,삼성혈,2019,9,0,0
477,제주시,삼성혈,2019,10,0,0
478,제주시,삼성혈,2019,11,0,0
479,제주시,삼성혈,2019,12,0,0
480,제주시,삼양선사유적지,2015,1,"2,856",3
481,제주시,삼양선사유적지,2015,2,"2,895",3
482,제주시,삼양선사유적지,2015,3,"3,995",16
483,제주시,삼양선사유적지,2015,4,"4,052",28
484,제주시,삼양선사유적지,2015,5,"3,743",11
485,제주시,삼양선사유적지,2015,6,"3,253",11
486,제주시,삼양선사유적지,2015,7,"3,389",43
487,제주시,삼양선사유적지,2015,8,"3,377",25
488,제주시,삼양선사유적지,2015,9,"3,379",67
489,제주시,삼양선사유적지,2015,10,"4,047",226
490,제주시,삼양선사유적지,2015,11,"3,263",175
491,제주시,삼양선사유적지,2015,12,"3,043",146
492,제주시,삼양선사유적지,2016,1,"3,029",118
493,제주시,삼양선사유적지,2016,2,"2,792",91
494,제주시,삼양선사유적지,2016,3,"2,675",135
495,제주시,삼양선사유적지,2016,4,"5,680",304
496,제주시,삼양선사유적지,2016,5,"3,606",168
497,제주시,삼양선사유적지,2016,6,"3,606",168
498,제주시,삼양선사유적지,2016,7,"2,992",168
499,제주시,삼양선사유적지,2016,8,"1,761",22
500,제주시,삼양선사유적지,2016,9,"3,108",35
501,제주시,삼양선사유적지,2016,10,"4,070",51
502,제주시,삼양선사유적지,2016,11,"4,811",262
503,제주시,삼양선사유적지,2016,12,"3,598",67
504,제주시,삼양선사유적지,2017,1,"2,645",132
505,제주시,삼양선사유적지,2017,2,"1,754",21
506,제주시,삼양선사유적지,2017,3,"4,205",131
507,제주시,삼양선사유적지,2017,4,"5,547",57
508,제주시,삼양선사유적지,2017,5,"5,204",46
509,제주시,삼양선사유적지,2017,6,"4,312",6
510,제주시,삼양선사유적지,2017,7,"3,670",124
511,제주시,삼양선사유적지,2017,8,"2,166",25
512,제주시,삼양선사유적지,2017,9,"3,588",54
513,제주시,삼양선사유적지,2017,10,"4,794",119
514,제주시,삼양선사유적지,2017,11,"5,790",200
515,제주시,삼양선사유적지,2017,12,"4,289",83
516,제주시,삼양선사유적지,2018,1,"2,786",2
517,제주시,삼양선사유적지,2018,2,"2,214",8
518,제주시,삼양선사유적지,2018,3,"4,708",59
519,제주시,삼양선사유적지,2018,4,"5,816",70
520,제주시,삼양선사유적지,2018,5,"5,461",52
521,제주시,삼양선사유적지,2018,6,"4,443",50
522,제주시,삼양선사유적지,2018,7,"3,907",78
523,제주시,삼양선사유적지,2018,8,"3,601",24
524,제주시,삼양선사유적지,2018,9,"8,126",213
525,제주시,삼양선사유적지,2018,10,"3,795",18
526,제주시,삼양선사유적지,2018,11,"4,642",12
527,제주시,삼양선사유적지,2018,12,"5,037",24
528,제주시,삼양선사유적지,2019,1,"3,436",12
529,제주시,삼양선사유적지,2019,2,"2,024",8
530,제주시,삼양선사유적지,2019,3,"4,263",9
531,제주시,삼양선사유적지,2019,4,"5,539",52
532,제주시,삼양선사유적지,2019,5,"5,434",68
533,제주시,삼양선사유적지,2019,6,"4,434",80
534,제주시,삼양선사유적지,2019,7,"3,811",89
535,제주시,삼양선사유적지,2019,8,"2,151",66
536,제주시,삼양선사유적지,2019,9,"3,334",84
537,제주시,삼양선사유적지,2019,10,"3,623",17
538,제주시,삼양선사유적지,2019,11,"4,251",14
539,제주시,삼양선사유적지,2019,12,"4,917",15
540,제주시,생각하는 정원,2015,1,0,0
541,제주시,생각하는 정원,2015,2,0,0
542,제주시,생각하는 정원,2015,3,0,0
543,제주시,생각하는 정원,2015,4,0,0
544,제주시,생각하는 정원,2015,5,0,0
545,제주시,생각하는 정원,2015,6,0,0
546,제주시,생각하는 정원,2015,7,0,0
547,제주시,생각하는 정원,2015,8,0,0
548,제주시,생각하는 정원,2015,9,0,0
549,제주시,생각하는 정원,2015,10,0,0
550,제주시,생각하는 정원,2015,11,0,0
551,제주시,생각하는 정원,2015,12,0,0
552,제주시,생각하는 정원,2016,1,0,0
553,제주시,생각하는 정원,2016,2,0,0
554,제주시,생각하는 정원,2016,3,0,0
555,제주시,생각하는 정원,2016,4,0,0
556,제주시,생각하는 정원,2016,5,0,0
557,제주시,생각하는 정원,2016,6,0,0
558,제주시,생각하는 정원,2016,7,0,0
559,제주시,생각하는 정원,2016,8,0,0
560,제주시,생각하는 정원,2016,9,0,0
561,제주시,생각하는 정원,2016,10,0,0
562,제주시,생각하는 정원,2016,11,0,0
563,제주시,생각하는 정원,2016,12,0,0
564,제주시,생각하는 정원,2017,1,0,0
565,제주시,생각하는 정원,2017,2,0,0
566,제주시,생각하는 정원,2017,3,0,0
567,제주시,생각하는 정원,2017,4,0,0
568,제주시,생각하는 정원,2017,5,0,0
569,제주시,생각하는 정원,2017,6,0,0
570,제주시,생각하는 정원,2017,7,0,0
571,제주시,생각하는 정원,2017,8,0,0
572,제주시,생각하는 정원,2017,9,0,0
573,제주시,생각하는 정원,2017,10,0,0
574,제주시,생각하는 정원,2017,11,0,0
575,제주시,생각하는 정원,2017,12,0,0
576,제주시,생각하는 정원,2018,1,0,0
577,제주시,생각하는 정원,2018,2,0,0
578,제주시,생각하는 정원,2018,3,0,0
579,제주시,생각하는 정원,2018,4,0,0
580,제주시,생각하는 정원,2018,5,0,0
581,제주시,생각하는 정원,2018,6,0,0
582,제주시,생각하는 정원,2018,7,0,0
583,제주시,생각하는 정원,2018,8,0,0
584,제주시,생각하는 정원,2018,9,0,0
585,제주시,생각하는 정원,2018,10,0,0
586,제주시,생각하는 정원,2018,11,0,0
587,제주시,생각하는 정원,2018,12,0,0
588,제주시,생각하는 정원,2019,1,0,0
589,제주시,생각하는 정원,2019,2,0,0
590,제주시,생각하는 정원,2019,3,0,0
591,제주시,생각하는 정원,2019,4,0,0
592,제주시,생각하는 정원,2019,5,0,0
593,제주시,생각하는 정원,2019,6,0,0
594,제주시,생각하는 정원,2019,7,0,0
595,제주시,생각하는 정원,2019,8,0,0
596,제주시,생각하는 정원,2019,9,0,0
597,제주시,생각하는 정원,2019,10,0,0
598,제주시,생각하는 정원,2019,11,0,0
599,제주시,생각하는 정원,2019,12,0,0
600,제주시,절물자연휴양림,2015,1,"28,561",0
601,제주시,절물자연휴양림,2015,2,"22,181",0
602,제주시,절물자연휴양림,2015,3,"42,559",0
603,제주시,절물자연휴양림,2015,4,"58,126",0
604,제주시,절물자연휴양림,2015,5,"73,267",0
605,제주시,절물자연휴양림,2015,6,"44,480",0
606,제주시,절물자연휴양림,2015,7,"60,705",0
607,제주시,절물자연휴양림,2015,8,"80,316",0
608,제주시,절물자연휴양림,2015,9,"61,370",0
609,제주시,절물자연휴양림,2015,10,"81,464",0
610,제주시,절물자연휴양림,2015,11,"49,324",0
611,제주시,절물자연휴양림,2015,12,"28,002",0
612,제주시,절물자연휴양림,2016,1,"28,069",0
613,제주시,절물자연휴양림,2016,2,"30,365",0
614,제주시,절물자연휴양림,2016,3,"51,124",0
615,제주시,절물자연휴양림,2016,4,"69,404",0
616,제주시,절물자연휴양림,2016,5,"78,133",0
617,제주시,절물자연휴양림,2016,6,"67,683",0
618,제주시,절물자연휴양림,2016,7,"76,378",0
619,제주시,절물자연휴양림,2016,8,"101,936",0
620,제주시,절물자연휴양림,2016,9,"75,010",0
621,제주시,절물자연휴양림,2016,10,"78,720",0
622,제주시,절물자연휴양림,2016,11,"63,227",0
623,제주시,절물자연휴양림,2016,12,"34,729",0
624,제주시,절물자연휴양림,2017,1,"32,537",0
625,제주시,절물자연휴양림,2017,2,"34,487",0
626,제주시,절물자연휴양림,2017,3,"49,662",0
627,제주시,절물자연휴양림,2017,4,"79,444",0
628,제주시,절물자연휴양림,2017,5,"90,844",0
629,제주시,절물자연휴양림,2017,6,"79,027",0
630,제주시,절물자연휴양림,2017,7,"78,245",0
631,제주시,절물자연휴양림,2017,8,"94,217",0
632,제주시,절물자연휴양림,2017,9,"88,884",0
633,제주시,절물자연휴양림,2017,10,"89,162",0
634,제주시,절물자연휴양림,2017,11,"62,580",0
635,제주시,절물자연휴양림,2017,12,"35,153",0
636,제주시,절물자연휴양림,2018,1,"32,899",0
637,제주시,절물자연휴양림,2018,2,"27,182",0
638,제주시,절물자연휴양림,2018,3,"49,289",0
639,제주시,절물자연휴양림,2018,4,"84,610",0
640,제주시,절물자연휴양림,2018,5,"86,219",0
641,제주시,절물자연휴양림,2018,6,"86,205",0
642,제주시,절물자연휴양림,2018,7,"80,837",0
643,제주시,절물자연휴양림,2018,8,"96,930",0
644,제주시,절물자연휴양림,2018,9,"79,386",0
645,제주시,절물자연휴양림,2018,10,"85,865",0
646,제주시,절물자연휴양림,2018,11,"68,525",0
647,제주시,절물자연휴양림,2018,12,"33,455",0
648,제주시,절물자연휴양림,2019,1,"35,542",0
649,제주시,절물자연휴양림,2019,2,"33,005",0
650,제주시,절물자연휴양림,2019,3,"51,727",0
651,제주시,절물자연휴양림,2019,4,"69,415",0
652,제주시,절물자연휴양림,2019,5,"76,795",0
653,제주시,절물자연휴양림,2019,6,"75,665",0
654,제주시,절물자연휴양림,2019,7,"63,720",0
655,제주시,절물자연휴양림,2019,8,"85,623",0
656,제주시,절물자연휴양림,2019,9,"59,483",0
657,제주시,절물자연휴양림,2019,10,"85,782",0
658,제주시,절물자연휴양림,2019,11,"61,452",0
659,제주시,절물자연휴양림,2019,12,"31,540",0
660,제주시,제주도립 김창열미술관,2015,1,0,0
661,제주시,제주도립 김창열미술관,2015,2,0,0
662,제주시,제주도립 김창열미술관,2015,3,0,0
663,제주시,제주도립 김창열미술관,2015,4,0,0
664,제주시,제주도립 김창열미술관,2015,5,0,0
665,제주시,제주도립 김창열미술관,2015,6,0,0
666,제주시,제주도립 김창열미술관,2015,7,0,0
667,제주시,제주도립 김창열미술관,2015,8,0,0
668,제주시,제주도립 김창열미술관,2015,9,0,0
669,제주시,제주도립 김창열미술관,2015,10,0,0
670,제주시,제주도립 김창열미술관,2015,11,0,0
671,제주시,제주도립 김창열미술관,2015,12,0,0
672,제주시,제주도립 김창열미술관,2016,1,0,0
673,제주시,제주도립 김창열미술관,2016,2,0,0
674,제주시,제주도립 김창열미술관,2016,3,0,0
675,제주시,제주도립 김창열미술관,2016,4,0,0
676,제주시,제주도립 김창열미술관,2016,5,0,0
677,제주시,제주도립 김창열미술관,2016,6,0,0
678,제주시,제주도립 김창열미술관,2016,7,0,0
679,제주시,제주도립 김창열미술관,2016,8,0,0
680,제주시,제주도립 김창열미술관,2016,9,0,0
681,제주시,제주도립 김창열미술관,2016,10,0,0
682,제주시,제주도립 김창열미술관,2016,11,0,0
683,제주시,제주도립 김창열미술관,2016,12,0,0
684,제주시,제주도립 김창열미술관,2017,1,0,0
685,제주시,제주도립 김창열미술관,2017,2,0,0
686,제주시,제주도립 김창열미술관,2017,3,0,0
687,제주시,제주도립 김창열미술관,2017,4,0,0
688,제주시,제주도립 김창열미술관,2017,5,0,0
689,제주시,제주도립 김창열미술관,2017,6,0,0
690,제주시,제주도립 김창열미술관,2017,7,0,0
691,제주시,제주도립 김창열미술관,2017,8,0,0
692,제주시,제주도립 김창열미술관,2017,9,0,0
693,제주시,제주도립 김창열미술관,2017,10,0,0
694,제주시,제주도립 김창열미술관,2017,11,0,0
695,제주시,제주도립 김창열미술관,2017,12,0,0
696,제주시,제주도립 김창열미술관,2018,1,0,0
697,제주시,제주도립 김창열미술관,2018,2,0,0
698,제주시,제주도립 김창열미술관,2018,3,0,0
699,제주시,제주도립 김창열미술관,2018,4,0,0
700,제주시,제주도립 김창열미술관,2018,5,0,0
701,제주시,제주도립 김창열미술관,2018,6,0,0
702,제주시,제주도립 김창열미술관,2018,7,"2,425",4
703,제주시,제주도립 김창열미술관,2018,8,"2,857",3
704,제주시,제주도립 김창열미술관,2018,9,"1,740",10
705,제주시,제주도립 김창열미술관,2018,10,"2,334",5
706,제주시,제주도립 김창열미술관,2018,11,"1,788",7
707,제주시,제주도립 김창열미술관,2018,12,"2,535",10
708,제주시,제주도립 김창열미술관,2019,1,"2,477",3
709,제주시,제주도립 김창열미술관,2019,2,"2,271",7
710,제주시,제주도립 김창열미술관,2019,3,"2,284",6
711,제주시,제주도립 김창열미술관,2019,4,"1,583",16
712,제주시,제주도립 김창열미술관,2019,5,"12,042",26
713,제주시,제주도립 김창열미술관,2019,6,"2,140",6
714,제주시,제주도립 김창열미술관,2019,7,"2,049",6
715,제주시,제주도립 김창열미술관,2019,8,"3,364",8
716,제주시,제주도립 김창열미술관,2019,9,"2,009",16
717,제주시,제주도립 김창열미술관,2019,10,"2,990",25
718,제주시,제주도립 김창열미술관,2019,11,"2,647",37
719,제주시,제주도립 김창열미술관,2019,12,"6,411",14
720,제주시,제주돌문화공원,2015,1,"9,436",165
721,제주시,제주돌문화공원,2015,2,"7,825",164
722,제주시,제주돌문화공원,2015,3,"10,067",344
723,제주시,제주돌문화공원,2015,4,"16,582","1,078"
724,제주시,제주돌문화공원,2015,5,"38,502","1,987"
725,제주시,제주돌문화공원,2015,6,"11,249",422
726,제주시,제주돌문화공원,2015,7,"14,223",234
727,제주시,제주돌문화공원,2015,8,"29,682","1,151"
728,제주시,제주돌문화공원,2015,9,"21,005",555
729,제주시,제주돌문화공원,2015,10,"39,790",717
730,제주시,제주돌문화공원,2015,11,"29,214",357
731,제주시,제주돌문화공원,2015,12,"20,076",228
732,제주시,제주돌문화공원,2016,1,"11,922",160
733,제주시,제주돌문화공원,2016,2,"9,554",185
734,제주시,제주돌문화공원,2016,3,"11,740",899
735,제주시,제주돌문화공원,2016,4,"22,475",855
736,제주시,제주돌문화공원,2016,5,"43,721","1,688"
737,제주시,제주돌문화공원,2016,6,"15,652","1,027"
738,제주시,제주돌문화공원,2016,7,"11,207","1,015"
739,제주시,제주돌문화공원,2016,8,"27,290","1,733"
740,제주시,제주돌문화공원,2016,9,"17,518",815
741,제주시,제주돌문화공원,2016,10,"21,376","1,213"
742,제주시,제주돌문화공원,2016,11,"16,045",598
743,제주시,제주돌문화공원,2016,12,"11,094",454
744,제주시,제주돌문화공원,2017,1,"9,141",167
745,제주시,제주돌문화공원,2017,2,"7,956",223
746,제주시,제주돌문화공원,2017,3,"10,869",338
747,제주시,제주돌문화공원,2017,4,"44,386","1,903"
748,제주시,제주돌문화공원,2017,5,"45,226","1,756"
749,제주시,제주돌문화공원,2017,6,"14,986",901
750,제주시,제주돌문화공원,2017,7,"7,944",456
751,제주시,제주돌문화공원,2017,8,"11,433",595
752,제주시,제주돌문화공원,2017,9,"15,961",995
753,제주시,제주돌문화공원,2017,10,"19,824",888
754,제주시,제주돌문화공원,2017,11,"12,054",273
755,제주시,제주돌문화공원,2017,12,"11,244",305
756,제주시,제주돌문화공원,2018,1,"10,010",241
757,제주시,제주돌문화공원,2018,2,"5,334",197
758,제주시,제주돌문화공원,2018,3,"9,814",635
759,제주시,제주돌문화공원,2018,4,"15,188",916
760,제주시,제주돌문화공원,2018,5,"44,266","1,696"
761,제주시,제주돌문화공원,2018,6,"17,090",785
762,제주시,제주돌문화공원,2018,7,"11,185",716
763,제주시,제주돌문화공원,2018,8,"11,385",859
764,제주시,제주돌문화공원,2018,9,"24,688",781
765,제주시,제주돌문화공원,2018,10,"26,023",703
766,제주시,제주돌문화공원,2018,11,"12,086",484
767,제주시,제주돌문화공원,2018,12,"10,082",350
768,제주시,제주돌문화공원,2019,1,"9,360",246
769,제주시,제주돌문화공원,2019,2,"7,256",208
770,제주시,제주돌문화공원,2019,3,"8,425",333
771,제주시,제주돌문화공원,2019,4,"11,770",656
772,제주시,제주돌문화공원,2019,5,"42,433","3,164"
773,제주시,제주돌문화공원,2019,6,"12,231",599
774,제주시,제주돌문화공원,2019,7,"6,952",326
775,제주시,제주돌문화공원,2019,8,"7,168",435
776,제주시,제주돌문화공원,2019,9,"14,197",398
777,제주시,제주돌문화공원,2019,10,"55,465",800
778,제주시,제주돌문화공원,2019,11,"32,278",512
779,제주시,제주돌문화공원,2019,12,"9,187",271
780,제주시,제주러브랜드,2015,1,0,0
781,제주시,제주러브랜드,2015,2,0,0
782,제주시,제주러브랜드,2015,3,0,0
783,제주시,제주러브랜드,2015,4,0,0
784,제주시,제주러브랜드,2015,5,0,0
785,제주시,제주러브랜드,2015,6,0,0
786,제주시,제주러브랜드,2015,7,0,0
787,제주시,제주러브랜드,2015,8,0,0
788,제주시,제주러브랜드,2015,9,0,0
789,제주시,제주러브랜드,2015,10,0,0
790,제주시,제주러브랜드,2015,11,0,0
791,제주시,제주러브랜드,2015,12,0,0
792,제주시,제주러브랜드,2016,1,0,0
793,제주시,제주러브랜드,2016,2,0,0
794,제주시,제주러브랜드,2016,3,0,0
795,제주시,제주러브랜드,2016,4,0,0
796,제주시,제주러브랜드,2016,5,0,0
797,제주시,제주러브랜드,2016,6,0,0
798,제주시,제주러브랜드,2016,7,0,0
799,제주시,제주러브랜드,2016,8,0,0
800,제주시,제주러브랜드,2016,9,0,0
801,제주시,제주러브랜드,2016,10,0,0
802,제주시,제주러브랜드,2016,11,0,0
803,제주시,제주러브랜드,2016,12,0,0
804,제주시,제주러브랜드,2017,1,0,0
805,제주시,제주러브랜드,2017,2,0,0
806,제주시,제주러브랜드,2017,3,0,0
807,제주시,제주러브랜드,2017,4,0,0
808,제주시,제주러브랜드,2017,5,0,0
809,제주시,제주러브랜드,2017,6,0,0
810,제주시,제주러브랜드,2017,7,0,0
811,제주시,제주러브랜드,2017,8,0,0
812,제주시,제주러브랜드,2017,9,0,0
813,제주시,제주러브랜드,2017,10,0,0
814,제주시,제주러브랜드,2017,11,0,0
815,제주시,제주러브랜드,2017,12,0,0
816,제주시,제주러브랜드,2018,1,0,0
817,제주시,제주러브랜드,2018,2,0,0
818,제주시,제주러브랜드,2018,3,0,0
819,제주시,제주러브랜드,2018,4,0,0
820,제주시,제주러브랜드,2018,5,0,0
821,제주시,제주러브랜드,2018,6,0,0
822,제주시,제주러브랜드,2018,7,0,0
823,제주시,제주러브랜드,2018,8,0,0
824,제주시,제주러브랜드,2018,9,0,0
825,제주시,제주러브랜드,2018,10,0,0
826,제주시,제주러브랜드,2018,11,0,0
827,제주시,제주러브랜드,2018,12,0,0
828,제주시,제주러브랜드,2019,1,0,0
829,제주시,제주러브랜드,2019,2,0,0
830,제주시,제주러브랜드,2019,3,0,0
831,제주시,제주러브랜드,2019,4,0,0
832,제주시,제주러브랜드,2019,5,0,0
833,제주시,제주러브랜드,2019,6,0,0
834,제주시,제주러브랜드,2019,7,0,0
835,제주시,제주러브랜드,2019,8,0,0
836,제주시,제주러브랜드,2019,9,0,0
837,제주시,제주러브랜드,2019,10,0,0
838,제주시,제주러브랜드,2019,11,0,0
839,제주시,제주러브랜드,2019,12,0,0
840,제주시,제주목관아지,2015,1,"5,851",592
841,제주시,제주목관아지,2015,2,"8,736","1,117"
842,제주시,제주목관아지,2015,3,"8,897","1,070"
843,제주시,제주목관아지,2015,4,"12,881","1,386"
844,제주시,제주목관아지,2015,5,"20,800","1,401"
845,제주시,제주목관아지,2015,6,"13,435","1,025"
846,제주시,제주목관아지,2015,7,"16,623",436
847,제주시,제주목관아지,2015,8,"12,707",801
848,제주시,제주목관아지,2015,9,"16,600","1,124"
849,제주시,제주목관아지,2015,10,"17,545","1,068"
850,제주시,제주목관아지,2015,11,"8,836",485
851,제주시,제주목관아지,2015,12,"4,831",622
852,제주시,제주목관아지,2016,1,"5,124",550
853,제주시,제주목관아지,2016,2,"12,344","1,513"
854,제주시,제주목관아지,2016,3,"6,847","1,080"
855,제주시,제주목관아지,2016,4,"13,989","1,104"
856,제주시,제주목관아지,2016,5,"18,257","1,923"
857,제주시,제주목관아지,2016,6,"13,825","1,054"
858,제주시,제주목관아지,2016,7,"15,688","1,363"
859,제주시,제주목관아지,2016,8,"17,865","1,249"
860,제주시,제주목관아지,2016,9,"15,998","2,095"
861,제주시,제주목관아지,2016,10,"18,992","2,033"
862,제주시,제주목관아지,2016,11,"14,389","1,093"
863,제주시,제주목관아지,2016,12,"14,323",692
864,제주시,제주목관아지,2017,1,"10,667","1,119"
865,제주시,제주목관아지,2017,2,"11,850",799
866,제주시,제주목관아지,2017,3,"8,592","1,207"
867,제주시,제주목관아지,2017,4,"10,308","1,954"
868,제주시,제주목관아지,2017,5,"20,511",699
869,제주시,제주목관아지,2017,6,"14,525",651
870,제주시,제주목관아지,2017,7,"17,459",627
871,제주시,제주목관아지,2017,8,"18,552","1,425"
872,제주시,제주목관아지,2017,9,"17,120","1,043"
873,제주시,제주목관아지,2017,10,"21,693","1,683"
874,제주시,제주목관아지,2017,11,"14,560",713
875,제주시,제주목관아지,2017,12,"14,791",646
876,제주시,제주목관아지,2018,1,"11,640",584
877,제주시,제주목관아지,2018,2,"11,777","1,063"
878,제주시,제주목관아지,2018,3,"12,078","1,267"
879,제주시,제주목관아지,2018,4,"11,759","1,160"
880,제주시,제주목관아지,2018,5,"20,149","1,517"
881,제주시,제주목관아지,2018,6,"13,607","1,647"
882,제주시,제주목관아지,2018,7,"16,922","1,237"
883,제주시,제주목관아지,2018,8,"18,606","1,903"
884,제주시,제주목관아지,2018,9,"19,532","1,433"
885,제주시,제주목관아지,2018,10,"23,381","2,274"
886,제주시,제주목관아지,2018,11,"15,134","2,029"
887,제주시,제주목관아지,2018,12,"14,182","1,427"
888,제주시,제주목관아지,2019,1,"9,915","1,701"
889,제주시,제주목관아지,2019,2,"23,147","3,006"
890,제주시,제주목관아지,2019,3,"7,437","2,441"
891,제주시,제주목관아지,2019,4,"6,748","3,082"
892,제주시,제주목관아지,2019,5,"9,394","3,168"
893,제주시,제주목관아지,2019,6,"7,770","3,438"
894,제주시,제주목관아지,2019,7,"11,211","3,300"
895,제주시,제주목관아지,2019,8,"15,574","4,015"
896,제주시,제주목관아지,2019,9,"26,390","3,932"
897,제주시,제주목관아지,2019,10,"23,094","4,971"
898,제주시,제주목관아지,2019,11,"15,063","3,320"
899,제주시,제주목관아지,2019,12,"14,427","3,101"
900,제주시,제주별빛누리공원,2015,1,"6,529",49
901,제주시,제주별빛누리공원,2015,2,"5,162",72
902,제주시,제주별빛누리공원,2015,3,"6,359",66
903,제주시,제주별빛누리공원,2015,4,"6,627",46
904,제주시,제주별빛누리공원,2015,5,"12,166",118
905,제주시,제주별빛누리공원,2015,6,"5,064",50
906,제주시,제주별빛누리공원,2015,7,"9,637",47
907,제주시,제주별빛누리공원,2015,8,"14,454",25
908,제주시,제주별빛누리공원,2015,9,"8,562",10
909,제주시,제주별빛누리공원,2015,10,"10,550",19
910,제주시,제주별빛누리공원,2015,11,"5,826",12
911,제주시,제주별빛누리공원,2015,12,"6,469",6
912,제주시,제주별빛누리공원,2016,1,"5,685",4
913,제주시,제주별빛누리공원,2016,2,"5,625",10
914,제주시,제주별빛누리공원,2016,3,"6,028",14
915,제주시,제주별빛누리공원,2016,4,"4,820",23
916,제주시,제주별빛누리공원,2016,5,"9,564",36
917,제주시,제주별빛누리공원,2016,6,"6,029",30
918,제주시,제주별빛누리공원,2016,7,"9,806",31
919,제주시,제주별빛누리공원,2016,8,"16,358",25
920,제주시,제주별빛누리공원,2016,9,"8,000",16
921,제주시,제주별빛누리공원,2016,10,"7,595",13
922,제주시,제주별빛누리공원,2016,11,"8,316",9
923,제주시,제주별빛누리공원,2016,12,"7,370",36
924,제주시,제주별빛누리공원,2017,1,"6,408",7
925,제주시,제주별빛누리공원,2017,2,"5,354",37
926,제주시,제주별빛누리공원,2017,3,"7,569",22
927,제주시,제주별빛누리공원,2017,4,"6,904",34
928,제주시,제주별빛누리공원,2017,5,"12,015",20
929,제주시,제주별빛누리공원,2017,6,"6,868",20
930,제주시,제주별빛누리공원,2017,7,"9,260",33
931,제주시,제주별빛누리공원,2017,8,"15,744",44
932,제주시,제주별빛누리공원,2017,9,"9,748",60
933,제주시,제주별빛누리공원,2017,10,"7,589",34
934,제주시,제주별빛누리공원,2017,11,"9,391",23
935,제주시,제주별빛누리공원,2017,12,"6,144",73
936,제주시,제주별빛누리공원,2018,1,"5,113",27
937,제주시,제주별빛누리공원,2018,2,"3,823",53
938,제주시,제주별빛누리공원,2018,3,"7,569",30
939,제주시,제주별빛누리공원,2018,4,"6,941",63
940,제주시,제주별빛누리공원,2018,5,"12,006",25
941,제주시,제주별빛누리공원,2018,6,"7,157",76
942,제주시,제주별빛누리공원,2018,7,"8,153",44
943,제주시,제주별빛누리공원,2018,8,"12,253",63
944,제주시,제주별빛누리공원,2018,9,"5,872",37
945,제주시,제주별빛누리공원,2018,10,"7,522",40
946,제주시,제주별빛누리공원,2018,11,"6,231",19
947,제주시,제주별빛누리공원,2018,12,"2,949",26
948,제주시,제주별빛누리공원,2019,1,"3,416",16
949,제주시,제주별빛누리공원,2019,2,"2,943",25
950,제주시,제주별빛누리공원,2019,3,"6,544",33
951,제주시,제주별빛누리공원,2019,4,"4,789",41
952,제주시,제주별빛누리공원,2019,5,"11,699",9
953,제주시,제주별빛누리공원,2019,6,"4,114",37
954,제주시,제주별빛누리공원,2019,7,"5,101",74
955,제주시,제주별빛누리공원,2019,8,0,0
956,제주시,제주별빛누리공원,2019,9,0,0
957,제주시,제주별빛누리공원,2019,10,804,0
958,제주시,제주별빛누리공원,2019,11,0,0
959,제주시,제주별빛누리공원,2019,12,0,0
960,제주시,제주항일기념관,2015,1,"9,523",15
961,제주시,제주항일기념관,2015,2,"8,495",21
962,제주시,제주항일기념관,2015,3,"14,152",18
963,제주시,제주항일기념관,2015,4,"14,103",14
964,제주시,제주항일기념관,2015,5,"13,605",17
965,제주시,제주항일기념관,2015,6,"9,003",10
966,제주시,제주항일기념관,2015,7,"12,416",19
967,제주시,제주항일기념관,2015,8,"13,016",26
968,제주시,제주항일기념관,2015,9,"11,083",12
969,제주시,제주항일기념관,2015,10,"10,557",15
970,제주시,제주항일기념관,2015,11,"6,961",10
971,제주시,제주항일기념관,2015,12,"6,086",16
972,제주시,제주항일기념관,2016,1,"9,626",7
973,제주시,제주항일기념관,2016,2,"13,201",4
974,제주시,제주항일기념관,2016,3,"11,091",37
975,제주시,제주항일기념관,2016,4,"15,586",51
976,제주시,제주항일기념관,2016,5,"15,324",60
977,제주시,제주항일기념관,2016,6,"14,598",33
978,제주시,제주항일기념관,2016,7,"14,927",47
979,제주시,제주항일기념관,2016,8,"13,997",38
980,제주시,제주항일기념관,2016,9,"11,174",37
981,제주시,제주항일기념관,2016,10,"13,918",48
982,제주시,제주항일기념관,2016,11,"10,403",12
983,제주시,제주항일기념관,2016,12,"7,543",19
984,제주시,제주항일기념관,2017,1,"7,549",25
985,제주시,제주항일기념관,2017,2,"11,505",18
986,제주시,제주항일기념관,2017,3,"13,697",0
987,제주시,제주항일기념관,2017,4,"16,075",109
988,제주시,제주항일기념관,2017,5,"17,847",62
989,제주시,제주항일기념관,2017,6,"15,309",50
990,제주시,제주항일기념관,2017,7,"13,373",48
991,제주시,제주항일기념관,2017,8,"13,558",25
992,제주시,제주항일기념관,2017,9,"11,470",23
993,제주시,제주항일기념관,2017,10,"8,277",35
994,제주시,제주항일기념관,2017,11,"10,100",27
995,제주시,제주항일기념관,2017,12,"7,519",17
996,제주시,제주항일기념관,2018,1,"6,092",0
997,제주시,제주항일기념관,2018,2,"7,090",65
998,제주시,제주항일기념관,2018,3,"10,313",105
999,제주시,제주항일기념관,2018,4,"14,041",185
1000,제주시,제주항일기념관,2018,5,"13,890",134
1001,제주시,제주항일기념관,2018,6,"12,059",121
1002,제주시,제주항일기념관,2018,7,"11,375",65
1003,제주시,제주항일기념관,2018,8,"12,188",121
1004,제주시,제주항일기념관,2018,9,"12,028",88
1005,제주시,제주항일기념관,2018,10,"19,279",134
1006,제주시,제주항일기념관,2018,11,"17,358",141
1007,제주시,제주항일기념관,2018,12,"12,163",72
1008,제주시,제주항일기념관,2019,1,"7,531",41
1009,제주시,제주항일기념관,2019,2,"7,093",45
1010,제주시,제주항일기념관,2019,3,"15,349",78
1011,제주시,제주항일기념관,2019,4,"19,011",151
1012,제주시,제주항일기념관,2019,5,"16,511",113
1013,제주시,제주항일기념관,2019,6,"16,192",88
1014,제주시,제주항일기념관,2019,7,"12,397",56
1015,제주시,제주항일기념관,2019,8,"12,673",85
1016,제주시,제주항일기념관,2019,9,"9,954",52
1017,제주시,제주항일기념관,2019,10,"14,165",82
1018,제주시,제주항일기념관,2019,11,"12,100",71
1019,제주시,제주항일기념관,2019,12,"9,660",59
1020,제주시,한라산국립공원,2015,1,"132,372","18,076"
1021,제주시,한라산국립공원,2015,2,"83,797","19,417"
1022,제주시,한라산국립공원,2015,3,"62,780","24,397"
1023,제주시,한라산국립공원,2015,4,"90,967","30,213"
1024,제주시,한라산국립공원,2015,5,"129,088","31,526"
1025,제주시,한라산국립공원,2015,6,"62,395","12,514"
1026,제주시,한라산국립공원,2015,7,"49,620","3,433"
1027,제주시,한라산국립공원,2015,8,"66,798","7,939"
1028,제주시,한라산국립공원,2015,9,"66,504","15,679"
1029,제주시,한라산국립공원,2015,10,"129,101","20,454"
1030,제주시,한라산국립공원,2015,11,"80,692","15,076"
1031,제주시,한라산국립공원,2015,12,"82,894","19,999"
1032,제주시,한라산국립공원,2016,1,"110,676","15,348"
1033,제주시,한라산국립공원,2016,2,"81,192","21,189"
1034,제주시,한라산국립공원,2016,3,"62,151","21,334"
1035,제주시,한라산국립공원,2016,4,"65,784","16,544"
1036,제주시,한라산국립공원,2016,5,"87,270","16,237"
1037,제주시,한라산국립공원,2016,6,"63,040","17,805"
1038,제주시,한라산국립공원,2016,7,"46,377","16,548"
1039,제주시,한라산국립공원,2016,8,"57,055","17,981"
1040,제주시,한라산국립공원,2016,9,"54,815","17,011"
1041,제주시,한라산국립공원,2016,10,"84,357","20,702"
1042,제주시,한라산국립공원,2016,11,"78,350","13,943"
1043,제주시,한라산국립공원,2016,12,"68,343","11,846"
1044,제주시,한라산국립공원,2017,1,"99,008","9,702"
1045,제주시,한라산국립공원,2017,2,"81,100","10,537"
1046,제주시,한라산국립공원,2017,3,"60,743","4,700"
1047,제주시,한라산국립공원,2017,4,"69,454","3,937"
1048,제주시,한라산국립공원,2017,5,"103,441","5,157"
1049,제주시,한라산국립공원,2017,6,"71,996","4,201"
1050,제주시,한라산국립공원,2017,7,"47,953","4,303"
1051,제주시,한라산국립공원,2017,8,"50,954","3,238"
1052,제주시,한라산국립공원,2017,9,"58,184","3,902"
1053,제주시,한라산국립공원,2017,10,"113,636","5,467"
1054,제주시,한라산국립공원,2017,11,"92,223","3,770"
1055,제주시,한라산국립공원,2017,12,"86,287","7,544"
1056,제주시,한라산국립공원,2018,1,"99,008","9,702"
1057,제주시,한라산국립공원,2018,2,"44,174","3,063"
1058,제주시,한라산국립공원,2018,3,"60,701","5,634"
1059,제주시,한라산국립공원,2018,4,"69,402","5,795"
1060,제주시,한라산국립공원,2018,5,"91,647","6,263"
1061,제주시,한라산국립공원,2018,6,"73,162","7,380"
1062,제주시,한라산국립공원,2018,7,"42,170","4,122"
1063,제주시,한라산국립공원,2018,8,"52,696","5,571"
1064,제주시,한라산국립공원,2018,9,"53,908","7,077"
1065,제주시,한라산국립공원,2018,10,"102,828","9,452"
1066,제주시,한라산국립공원,2018,11,"74,379","7,900"
1067,제주시,한라산국립공원,2018,12,"44,749","8,186"
1068,제주시,한라산국립공원,2019,1,"96,959","9,526"
1069,제주시,한라산국립공원,2019,2,"60,332","7,223"
1070,제주시,한라산국립공원,2019,3,"49,557","6,980"
1071,제주시,한라산국립공원,2019,4,"54,897","6,233"
1072,제주시,한라산국립공원,2019,5,"78,204","8,012"
1073,제주시,한라산국립공원,2019,6,"58,051","8,306"
1074,제주시,한라산국립공원,2019,7,"36,739","6,273"
1075,제주시,한라산국립공원,2019,8,"42,263","6,530"
1076,제주시,한라산국립공원,2019,9,"40,021","6,497"
1077,제주시,한라산국립공원,2019,10,"91,128","8,995"
1078,제주시,한라산국립공원,2019,11,"85,072","7,910"
1079,제주시,한라산국립공원,2019,12,"64,633","7,938"
1080,제주시,한림공원,2015,1,0,0
1081,제주시,한림공원,2015,2,0,0
1082,제주시,한림공원,2015,3,0,0
1083,제주시,한림공원,2015,4,0,0
1084,제주시,한림공원,2015,5,0,0
1085,제주시,한림공원,2015,6,0,0
1086,제주시,한림공원,2015,7,0,0
1087,제주시,한림공원,2015,8,0,0
1088,제주시,한림공원,2015,9,0,0
1089,제주시,한림공원,2015,10,0,0
1090,제주시,한림공원,2015,11,0,0
1091,제주시,한림공원,2015,12,0,0
1092,제주시,한림공원,2016,1,0,0
1093,제주시,한림공원,2016,2,0,0
1094,제주시,한림공원,2016,3,0,0
1095,제주시,한림공원,2016,4,0,0
1096,제주시,한림공원,2016,5,0,0
1097,제주시,한림공원,2016,6,0,0
1098,제주시,한림공원,2016,7,0,0
1099,제주시,한림공원,2016,8,0,0
1100,제주시,한림공원,2016,9,0,0
1101,제주시,한림공원,2016,10,0,0
1102,제주시,한림공원,2016,11,0,0
1103,제주시,한림공원,2016,12,0,0
1104,제주시,한림공원,2017,1,0,0
1105,제주시,한림공원,2017,2,0,0
1106,제주시,한림공원,2017,3,0,0
1107,제주시,한림공원,2017,4,0,0
1108,제주시,한림공원,2017,5,0,0
1109,제주시,한림공원,2017,6,0,0
1110,제주시,한림공원,2017,7,0,0
1111,제주시,한림공원,2017,8,0,0
1112,제주시,한림공원,2017,9,0,0
1113,제주시,한림공원,2017,10,0,0
1114,제주시,한림공원,2017,11,0,0
1115,제주시,한림공원,2017,12,0,0
1116,제주시,한림공원,2018,1,0,0
1117,제주시,한림공원,2018,2,0,0
1118,제주시,한림공원,2018,3,0,0
1119,제주시,한림공원,2018,4,0,0
1120,제주시,한림공원,2018,5,0,0
1121,제주시,한림공원,2018,6,0,0
1122,제주시,한림공원,2018,7,0,0
1123,제주시,한림공원,2018,8,0,0
1124,제주시,한림공원,2018,9,0,0
1125,제주시,한림공원,2018,10,0,0
1126,제주시,한림공원,2018,11,0,0
1127,제주시,한림공원,2018,12,0,0
1128,제주시,한림공원,2019,1,0,0
1129,제주시,한림공원,2019,2,0,0
1130,제주시,한림공원,2019,3,0,0
1131,제주시,한림공원,2019,4,0,0
1132,제주시,한림공원,2019,5,0,0
1133,제주시,한림공원,2019,6,0,0
1134,제주시,한림공원,2019,7,0,0
1135,제주시,한림공원,2019,8,0,0
1136,제주시,한림공원,2019,9,0,0
1137,제주시,한림공원,2019,10,0,0
1138,제주시,한림공원,2019,11,0,0
1139,제주시,한림공원,2019,12,0,0
1140,제주시,항몽 유적지,2015,1,"2,296",15
1141,제주시,항몽 유적지,2015,2,"1,831",29
1142,제주시,항몽 유적지,2015,3,"4,045",31
1143,제주시,항몽 유적지,2015,4,"5,137",22
1144,제주시,항몽 유적지,2015,5,"9,071",37
1145,제주시,항몽 유적지,2015,6,"6,602",28
1146,제주시,항몽 유적지,2015,7,"5,522",26
1147,제주시,항몽 유적지,2015,8,"4,983",9
1148,제주시,항몽 유적지,2015,9,"8,945",38
1149,제주시,항몽 유적지,2015,10,"6,856",86
1150,제주시,항몽 유적지,2015,11,"3,561",38
1151,제주시,항몽 유적지,2015,12,"2,091",17
1152,제주시,항몽 유적지,2016,1,"2,339",17
1153,제주시,항몽 유적지,2016,2,"2,099",27
1154,제주시,항몽 유적지,2016,3,"4,223",21
1155,제주시,항몽 유적지,2016,4,"5,181",57
1156,제주시,항몽 유적지,2016,5,"9,227",63
1157,제주시,항몽 유적지,2016,6,"7,885",60
1158,제주시,항몽 유적지,2016,7,"7,628",68
1159,제주시,항몽 유적지,2016,8,"5,492",34
1160,제주시,항몽 유적지,2016,9,"8,786",69
1161,제주시,항몽 유적지,2016,10,"8,272",52
1162,제주시,항몽 유적지,2016,11,"5,338",53
1163,제주시,항몽 유적지,2016,12,"2,854",52
1164,제주시,항몽 유적지,2017,1,"2,796",47
1165,제주시,항몽 유적지,2017,2,"2,550",3
1166,제주시,항몽 유적지,2017,3,"5,239",41
1167,제주시,항몽 유적지,2017,4,"6,593",33
1168,제주시,항몽 유적지,2017,5,"9,561",84
1169,제주시,항몽 유적지,2017,6,"9,113",57
1170,제주시,항몽 유적지,2017,7,"8,077",71
1171,제주시,항몽 유적지,2017,8,"6,054",58
1172,제주시,항몽 유적지,2017,9,"10,135",105
1173,제주시,항몽 유적지,2017,10,"9,319",52
1174,제주시,항몽 유적지,2017,11,"10,303",85
1175,제주시,항몽 유적지,2017,12,"4,191",34
1176,제주시,항몽 유적지,2018,1,"3,812",26
1177,제주시,항몽 유적지,2018,2,"3,999",57
1178,제주시,항몽 유적지,2018,3,"6,021",93
1179,제주시,항몽 유적지,2018,4,"12,431",190
1180,제주시,항몽 유적지,2018,5,"12,282",196
1181,제주시,항몽 유적지,2018,6,"13,751",338
1182,제주시,항몽 유적지,2018,7,"8,512",412
1183,제주시,항몽 유적지,2018,8,"7,152",166
1184,제주시,항몽 유적지,2018,9,"8,126",213
1185,제주시,항몽 유적지,2018,10,"13,629",471
1186,제주시,항몽 유적지,2018,11,"15,775",277
1187,제주시,항몽 유적지,2018,12,"6,703",163
1188,제주시,항몽 유적지,2019,1,"5,890",222
1189,제주시,항몽 유적지,2019,2,"4,222",81
1190,제주시,항몽 유적지,2019,3,"6,253",205
1191,제주시,항몽 유적지,2019,4,"11,516","1,416"
1192,제주시,항몽 유적지,2019,5,"12,690",344
1193,제주시,항몽 유적지,2019,6,"14,443",621
1194,제주시,항몽 유적지,2019,7,"11,609",640
1195,제주시,항몽 유적지,2019,8,"8,907",344
1196,제주시,항몽 유적지,2019,9,"8,538",399
1197,제주시,항몽 유적지,2019,10,"11,084",480
1198,제주시,항몽 유적지,2019,11,"11,707",509
1199,제주시,항몽 유적지,2019,12,"6,660",676
1200,제주시,해녀 박물관,2015,1,0,0
1201,제주시,해녀 박물관,2015,2,0,0
1202,제주시,해녀 박물관,2015,3,"4,803",262
1203,제주시,해녀 박물관,2015,4,"9,364","1,591"
1204,제주시,해녀 박물관,2015,5,"8,639","1,603"
1205,제주시,해녀 박물관,2015,6,"6,341",556
1206,제주시,해녀 박물관,2015,7,"9,379",181
1207,제주시,해녀 박물관,2015,8,"12,487",446
1208,제주시,해녀 박물관,2015,9,"9,244",946
1209,제주시,해녀 박물관,2015,10,"44,665","4,553"
1210,제주시,해녀 박물관,2015,11,"10,556","1,566"
1211,제주시,해녀 박물관,2015,12,"7,700",652
1212,제주시,해녀 박물관,2016,1,"10,173",304
1213,제주시,해녀 박물관,2016,2,"7,960",361
1214,제주시,해녀 박물관,2016,3,"7,310","1,398"
1215,제주시,해녀 박물관,2016,4,"12,047","1,629"
1216,제주시,해녀 박물관,2016,5,"11,762","1,745"
1217,제주시,해녀 박물관,2016,6,"10,307","1,636"
1218,제주시,해녀 박물관,2016,7,"12,034","1,621"
1219,제주시,해녀 박물관,2016,8,"12,739","1,617"
1220,제주시,해녀 박물관,2016,9,"30,106","2,526"
1221,제주시,해녀 박물관,2016,10,"12,939","2,181"
1222,제주시,해녀 박물관,2016,11,"8,929",699
1223,제주시,해녀 박물관,2016,12,"10,189",856
1224,제주시,해녀 박물관,2017,1,"10,761",352
1225,제주시,해녀 박물관,2017,2,"10,368",384
1226,제주시,해녀 박물관,2017,3,"9,147",802
1227,제주시,해녀 박물관,2017,4,"13,329","1,403"
1228,제주시,해녀 박물관,2017,5,"14,006",920
1229,제주시,해녀 박물관,2017,6,"11,901",980
1230,제주시,해녀 박물관,2017,7,"14,185",744
1231,제주시,해녀 박물관,2017,8,"15,450",520
1232,제주시,해녀 박물관,2017,9,"25,683",373
1233,제주시,해녀 박물관,2017,10,"18,088","1,305"
1234,제주시,해녀 박물관,2017,11,"9,924",303
1235,제주시,해녀 박물관,2017,12,"14,182","3,186"
1236,제주시,해녀 박물관,2018,1,"15,798","3,465"
1237,제주시,해녀 박물관,2018,2,"8,805","3,087"
1238,제주시,해녀 박물관,2018,3,"8,580","1,178"
1239,제주시,해녀 박물관,2018,4,"13,255","1,549"
1240,제주시,해녀 박물관,2018,5,"14,332","1,024"
1241,제주시,해녀 박물관,2018,6,"13,618","3,013"
1242,제주시,해녀 박물관,2018,7,"14,216",644
1243,제주시,해녀 박물관,2018,8,"15,536",384
1244,제주시,해녀 박물관,2018,9,"31,030",560
1245,제주시,해녀 박물관,2018,10,"10,134","3,356"
1246,제주시,해녀 박물관,2018,11,"9,106","2,659"
1247,제주시,해녀 박물관,2018,12,"7,139","2,165"
1248,제주시,해녀 박물관,2019,1,"10,457","2,861"
1249,제주시,해녀 박물관,2019,2,"9,548","2,762"
1250,제주시,해녀 박물관,2019,3,"9,129",953
1251,제주시,해녀 박물관,2019,4,"11,080","2,260"
1252,제주시,해녀 박물관,2019,5,"12,437","1,958"
1253,제주시,해녀 박물관,2019,6,"12,925","2,128"
1254,제주시,해녀 박물관,2019,7,"13,334","2,114"
1255,제주시,해녀 박물관,2019,8,"14,494","2,555"
1256,제주시,해녀 박물관,2019,9,"10,223","2,474"
1257,제주시,해녀 박물관,2019,10,"10,823","2,651"
1258,제주시,해녀 박물관,2019,11,"11,815","1,127"
1259,제주시,해녀 박물관,2019,12,"9,394","1,948"
1260,서귀포시,감귤박물관,2015,1,"6,182",0
1261,서귀포시,감귤박물관,2015,2,"4,749",0
1262,서귀포시,감귤박물관,2015,3,"4,369",8
1263,서귀포시,감귤박물관,2015,4,"6,109",95
1264,서귀포시,감귤박물관,2015,5,"6,451",13
1265,서귀포시,감귤박물관,2015,6,"4,541",40
1266,서귀포시,감귤박물관,2015,7,"5,524",4
1267,서귀포시,감귤박물관,2015,8,"6,528",118
1268,서귀포시,감귤박물관,2015,9,"5,239",398
1269,서귀포시,감귤박물관,2015,10,"6,494",91
1270,서귀포시,감귤박물관,2015,11,"17,091",322
1271,서귀포시,감귤박물관,2015,12,"6,231",71
1272,서귀포시,감귤박물관,2016,1,"6,641",75
1273,서귀포시,감귤박물관,2016,2,"7,469",106
1274,서귀포시,감귤박물관,2016,3,"4,644",28
1275,서귀포시,감귤박물관,2016,4,"6,301",44
1276,서귀포시,감귤박물관,2016,5,"7,905",124
1277,서귀포시,감귤박물관,2016,6,"6,245",86
1278,서귀포시,감귤박물관,2016,7,"6,837",109
1279,서귀포시,감귤박물관,2016,8,"9,651",331
1280,서귀포시,감귤박물관,2016,9,"7,753",127
1281,서귀포시,감귤박물관,2016,10,"8,555",161
1282,서귀포시,감귤박물관,2016,11,"7,568",137
1283,서귀포시,감귤박물관,2016,12,"8,454",215
1284,서귀포시,감귤박물관,2017,1,"7,537",84
1285,서귀포시,감귤박물관,2017,2,"7,453",213
1286,서귀포시,감귤박물관,2017,3,"5,198",83
1287,서귀포시,감귤박물관,2017,4,"9,258",292
1288,서귀포시,감귤박물관,2017,5,"9,282",128
1289,서귀포시,감귤박물관,2017,6,"6,224",42
1290,서귀포시,감귤박물관,2017,7,"7,165",120
1291,서귀포시,감귤박물관,2017,8,"8,049",143
1292,서귀포시,감귤박물관,2017,9,"6,639",70
1293,서귀포시,감귤박물관,2017,10,"8,701",37
1294,서귀포시,감귤박물관,2017,11,"9,324",36
1295,서귀포시,감귤박물관,2017,12,"23,559",56
1296,서귀포시,감귤박물관,2018,1,"15,673",0
1297,서귀포시,감귤박물관,2018,2,"9,306",77
1298,서귀포시,감귤박물관,2018,3,"8,730",39
1299,서귀포시,감귤박물관,2018,4,"8,989",130
1300,서귀포시,감귤박물관,2018,5,"15,238",45
1301,서귀포시,감귤박물관,2018,6,"7,922",153
1302,서귀포시,감귤박물관,2018,7,"8,549",136
1303,서귀포시,감귤박물관,2018,8,"10,139",107
1304,서귀포시,감귤박물관,2018,9,"8,968",85
1305,서귀포시,감귤박물관,2018,10,"10,382",114
1306,서귀포시,감귤박물관,2018,11,"9,068",210
1307,서귀포시,감귤박물관,2018,12,"22,893",261
1308,서귀포시,감귤박물관,2019,1,"11,450",24
1309,서귀포시,감귤박물관,2019,2,"10,454",95
1310,서귀포시,감귤박물관,2019,3,"7,736",134
1311,서귀포시,감귤박물관,2019,4,"5,453",225
1312,서귀포시,감귤박물관,2019,5,"10,654",444
1313,서귀포시,감귤박물관,2019,6,"6,825",366
1314,서귀포시,감귤박물관,2019,7,"9,472",250
1315,서귀포시,감귤박물관,2019,8,"8,654",264
1316,서귀포시,감귤박물관,2019,9,"7,560",209
1317,서귀포시,감귤박물관,2019,10,"12,289",62
1318,서귀포시,감귤박물관,2019,11,"16,150",5
1319,서귀포시,감귤박물관,2019,12,"17,695",67
1320,서귀포시,기당미술관,2015,1,654,2
1321,서귀포시,기당미술관,2015,2,569,5
1322,서귀포시,기당미술관,2015,3,793,3
1323,서귀포시,기당미술관,2015,4,0,0
1324,서귀포시,기당미술관,2015,5,586,0
1325,서귀포시,기당미술관,2015,6,545,2
1326,서귀포시,기당미술관,2015,7,797,10
1327,서귀포시,기당미술관,2015,8,"1,048",0
1328,서귀포시,기당미술관,2015,9,791,3
1329,서귀포시,기당미술관,2015,10,943,3
1330,서귀포시,기당미술관,2015,11,"1,250",21
1331,서귀포시,기당미술관,2015,12,845,4
1332,서귀포시,기당미술관,2016,1,"1,066",11
1333,서귀포시,기당미술관,2016,2,"1,078",4
1334,서귀포시,기당미술관,2016,3,538,7
1335,서귀포시,기당미술관,2016,4,887,20
1336,서귀포시,기당미술관,2016,5,924,3
1337,서귀포시,기당미술관,2016,6,815,7
1338,서귀포시,기당미술관,2016,7,793,8
1339,서귀포시,기당미술관,2016,8,830,26
1340,서귀포시,기당미술관,2016,9,677,179
1341,서귀포시,기당미술관,2016,10,914,7
1342,서귀포시,기당미술관,2016,11,815,2
1343,서귀포시,기당미술관,2016,12,"1,039",25
1344,서귀포시,기당미술관,2017,1,914,0
1345,서귀포시,기당미술관,2017,2,621,0
1346,서귀포시,기당미술관,2017,3,512,31
1347,서귀포시,기당미술관,2017,4,"1,059",32
1348,서귀포시,기당미술관,2017,5,"2,742",30
1349,서귀포시,기당미술관,2017,6,"2,629",2
1350,서귀포시,기당미술관,2017,7,"1,337",7
1351,서귀포시,기당미술관,2017,8,"1,720",4
1352,서귀포시,기당미술관,2017,9,"1,315",0
1353,서귀포시,기당미술관,2017,10,"1,293",2
1354,서귀포시,기당미술관,2017,11,"1,418",0
1355,서귀포시,기당미술관,2017,12,"1,435",0
1356,서귀포시,기당미술관,2018,1,"1,496",7
1357,서귀포시,기당미술관,2018,2,"1,078",0
1358,서귀포시,기당미술관,2018,3,"1,172",0
1359,서귀포시,기당미술관,2018,4,"1,546",0
1360,서귀포시,기당미술관,2018,5,"1,689",6
1361,서귀포시,기당미술관,2018,6,"1,929",5
1362,서귀포시,기당미술관,2018,7,"2,596",2
1363,서귀포시,기당미술관,2018,8,"3,591",4
1364,서귀포시,기당미술관,2018,9,"2,234",6
1365,서귀포시,기당미술관,2018,10,"1,708",4
1366,서귀포시,기당미술관,2018,11,"1,246",8
1367,서귀포시,기당미술관,2018,12,"1,714",3
1368,서귀포시,기당미술관,2019,1,"1,753",3
1369,서귀포시,기당미술관,2019,2,"1,363",8
1370,서귀포시,기당미술관,2019,3,"1,454",1
1371,서귀포시,기당미술관,2019,4,"1,410",6
1372,서귀포시,기당미술관,2019,5,"1,701",3
1373,서귀포시,기당미술관,2019,6,"2,194",5
1374,서귀포시,기당미술관,2019,7,"2,768",8
1375,서귀포시,기당미술관,2019,8,"3,495",7
1376,서귀포시,기당미술관,2019,9,"4,408",0
1377,서귀포시,기당미술관,2019,10,"2,035",4
1378,서귀포시,기당미술관,2019,11,"2,013",0
1379,서귀포시,기당미술관,2019,12,"1,618",4
1380,서귀포시,마라해양도립공원,2015,1,"33,141",0
1381,서귀포시,마라해양도립공원,2015,2,"28,809",0
1382,서귀포시,마라해양도립공원,2015,3,"41,343",0
1383,서귀포시,마라해양도립공원,2015,4,"51,218",0
1384,서귀포시,마라해양도립공원,2015,5,"55,600",0
1385,서귀포시,마라해양도립공원,2015,6,"28,605",0
1386,서귀포시,마라해양도립공원,2015,7,"24,714",0
1387,서귀포시,마라해양도립공원,2015,8,"47,092",0
1388,서귀포시,마라해양도립공원,2015,9,"36,038",0
1389,서귀포시,마라해양도립공원,2015,10,"46,777",0
1390,서귀포시,마라해양도립공원,2015,11,"37,647",0
1391,서귀포시,마라해양도립공원,2015,12,"27,358",0
1392,서귀포시,마라해양도립공원,2016,1,"32,139",0
1393,서귀포시,마라해양도립공원,2016,2,"27,367",0
1394,서귀포시,마라해양도립공원,2016,3,"40,462",0
1395,서귀포시,마라해양도립공원,2016,4,"56,429",0
1396,서귀포시,마라해양도립공원,2016,5,"49,659",0
1397,서귀포시,마라해양도립공원,2016,6,"36,113",0
1398,서귀포시,마라해양도립공원,2016,7,"34,918",0
1399,서귀포시,마라해양도립공원,2016,8,"45,339",0
1400,서귀포시,마라해양도립공원,2016,9,"35,623",0
1401,서귀포시,마라해양도립공원,2016,10,"38,228",0
1402,서귀포시,마라해양도립공원,2016,11,"40,425",0
1403,서귀포시,마라해양도립공원,2016,12,"24,861",0
1404,서귀포시,마라해양도립공원,2017,1,"32,903",0
1405,서귀포시,마라해양도립공원,2017,2,"30,750",0
1406,서귀포시,마라해양도립공원,2017,3,"48,786",0
1407,서귀포시,마라해양도립공원,2017,4,"83,146",0
1408,서귀포시,마라해양도립공원,2017,5,"92,811",0
1409,서귀포시,마라해양도립공원,2017,6,"69,504",0
1410,서귀포시,마라해양도립공원,2017,7,"63,241",0
1411,서귀포시,마라해양도립공원,2017,8,"65,548",0
1412,서귀포시,마라해양도립공원,2017,9,"53,802",0
1413,서귀포시,마라해양도립공원,2017,10,"47,208",0
1414,서귀포시,마라해양도립공원,2017,11,"60,756",0
1415,서귀포시,마라해양도립공원,2017,12,"36,607",0
1416,서귀포시,마라해양도립공원,2018,1,"36,905",0
1417,서귀포시,마라해양도립공원,2018,2,"29,063",0
1418,서귀포시,마라해양도립공원,2018,3,"45,322",0
1419,서귀포시,마라해양도립공원,2018,4,"74,656",0
1420,서귀포시,마라해양도립공원,2018,5,"42,726",0
1421,서귀포시,마라해양도립공원,2018,6,"45,749",0
1422,서귀포시,마라해양도립공원,2018,7,"31,047",0
1423,서귀포시,마라해양도립공원,2018,8,"35,726",0
1424,서귀포시,마라해양도립공원,2018,9,"35,051",0
1425,서귀포시,마라해양도립공원,2018,10,"52,143",0
1426,서귀포시,마라해양도립공원,2018,11,"49,684",0
1427,서귀포시,마라해양도립공원,2018,12,"24,927",0
1428,서귀포시,마라해양도립공원,2019,1,"55,128",0
1429,서귀포시,마라해양도립공원,2019,2,"47,417",0
1430,서귀포시,마라해양도립공원,2019,3,"84,978",0
1431,서귀포시,마라해양도립공원,2019,4,"144,298",0
1432,서귀포시,마라해양도립공원,2019,5,"119,349",0
1433,서귀포시,마라해양도립공원,2019,6,"71,865",0
1434,서귀포시,마라해양도립공원,2019,7,"44,954",0
1435,서귀포시,마라해양도립공원,2019,8,"57,785",0
1436,서귀포시,마라해양도립공원,2019,9,"51,525",0
1437,서귀포시,마라해양도립공원,2019,10,"85,264",0
1438,서귀포시,마라해양도립공원,2019,11,"71,635",0
1439,서귀포시,마라해양도립공원,2019,12,"42,645",0
1440,서귀포시,박물관은살아있다,2015,1,0,0
1441,서귀포시,박물관은살아있다,2015,2,0,0
1442,서귀포시,박물관은살아있다,2015,3,0,0
1443,서귀포시,박물관은살아있다,2015,4,0,0
1444,서귀포시,박물관은살아있다,2015,5,0,0
1445,서귀포시,박물관은살아있다,2015,6,0,0
1446,서귀포시,박물관은살아있다,2015,7,0,0
1447,서귀포시,박물관은살아있다,2015,8,0,0
1448,서귀포시,박물관은살아있다,2015,9,0,0
1449,서귀포시,박물관은살아있다,2015,10,0,0
1450,서귀포시,박물관은살아있다,2015,11,0,0
1451,서귀포시,박물관은살아있다,2015,12,0,0
1452,서귀포시,박물관은살아있다,2016,1,0,0
1453,서귀포시,박물관은살아있다,2016,2,0,0
1454,서귀포시,박물관은살아있다,2016,3,0,0
1455,서귀포시,박물관은살아있다,2016,4,0,0
1456,서귀포시,박물관은살아있다,2016,5,0,0
1457,서귀포시,박물관은살아있다,2016,6,0,0
1458,서귀포시,박물관은살아있다,2016,7,0,0
1459,서귀포시,박물관은살아있다,2016,8,0,0
1460,서귀포시,박물관은살아있다,2016,9,0,0
1461,서귀포시,박물관은살아있다,2016,10,0,0
1462,서귀포시,박물관은살아있다,2016,11,0,0
1463,서귀포시,박물관은살아있다,2016,12,0,0
1464,서귀포시,박물관은살아있다,2017,1,0,0
1465,서귀포시,박물관은살아있다,2017,2,0,0
1466,서귀포시,박물관은살아있다,2017,3,0,0
1467,서귀포시,박물관은살아있다,2017,4,0,0
1468,서귀포시,박물관은살아있다,2017,5,0,0
1469,서귀포시,박물관은살아있다,2017,6,0,0
1470,서귀포시,박물관은살아있다,2017,7,0,0
1471,서귀포시,박물관은살아있다,2017,8,0,0
1472,서귀포시,박물관은살아있다,2017,9,0,0
1473,서귀포시,박물관은살아있다,2017,10,0,0
1474,서귀포시,박물관은살아있다,2017,11,0,0
1475,서귀포시,박물관은살아있다,2017,12,0,0
1476,서귀포시,박물관은살아있다,2018,1,0,0
1477,서귀포시,박물관은살아있다,2018,2,0,0
1478,서귀포시,박물관은살아있다,2018,3,0,0
1479,서귀포시,박물관은살아있다,2018,4,0,0
1480,서귀포시,박물관은살아있다,2018,5,0,0
1481,서귀포시,박물관은살아있다,2018,6,0,0
1482,서귀포시,박물관은살아있다,2018,7,0,0
1483,서귀포시,박물관은살아있다,2018,8,0,0
1484,서귀포시,박물관은살아있다,2018,9,0,0
1485,서귀포시,박물관은살아있다,2018,10,0,0
1486,서귀포시,박물관은살아있다,2018,11,0,0
1487,서귀포시,박물관은살아있다,2018,12,0,0
1488,서귀포시,박물관은살아있다,2019,1,"29,525","1,239"
1489,서귀포시,박물관은살아있다,2019,2,"33,677","2,039"
1490,서귀포시,박물관은살아있다,2019,3,"28,011","1,185"
1491,서귀포시,박물관은살아있다,2019,4,"42,324","2,033"
1492,서귀포시,박물관은살아있다,2019,5,"52,571","2,027"
1493,서귀포시,박물관은살아있다,2019,6,"33,433","2,853"
1494,서귀포시,박물관은살아있다,2019,7,"38,489","3,428"
1495,서귀포시,박물관은살아있다,2019,8,"49,858","4,004"
1496,서귀포시,박물관은살아있다,2019,9,"34,947","2,205"
1497,서귀포시,박물관은살아있다,2019,10,"39,743","2,825"
1498,서귀포시,박물관은살아있다,2019,11,"24,608","1,900"
1499,서귀포시,박물관은살아있다,2019,12,"25,771","1,833"
1500,서귀포시,산방산,2015,1,"29,928",214
1501,서귀포시,산방산,2015,2,"37,213",300
1502,서귀포시,산방산,2015,3,"55,261","1,226"
1503,서귀포시,산방산,2015,4,"59,231",657
1504,서귀포시,산방산,2015,5,"78,206",519
1505,서귀포시,산방산,2015,6,"35,371",410
1506,서귀포시,산방산,2015,7,"18,578",50
1507,서귀포시,산방산,2015,8,"38,845",250
1508,서귀포시,산방산,2015,9,"27,167",427
1509,서귀포시,산방산,2015,10,"55,520",684
1510,서귀포시,산방산,2015,11,"38,035",299
1511,서귀포시,산방산,2015,12,"32,070",197
1512,서귀포시,산방산,2016,1,"44,262",142
1513,서귀포시,산방산,2016,2,"44,728",338
1514,서귀포시,산방산,2016,3,"55,671",710
1515,서귀포시,산방산,2016,4,"58,276",734
1516,서귀포시,산방산,2016,5,"73,669",612
1517,서귀포시,산방산,2016,6,"43,326",642
1518,서귀포시,산방산,2016,7,"28,209",552
1519,서귀포시,산방산,2016,8,"30,049",737
1520,서귀포시,산방산,2016,9,"25,504","1,004"
1521,서귀포시,산방산,2016,10,"39,157","1,159"
1522,서귀포시,산방산,2016,11,"32,683",628
1523,서귀포시,산방산,2016,12,"31,241",438
1524,서귀포시,산방산,2017,1,"33,871",308
1525,서귀포시,산방산,2017,2,"42,434",391
1526,서귀포시,산방산,2017,3,"72,711",802
1527,서귀포시,산방산,2017,4,"108,876","3,270"
1528,서귀포시,산방산,2017,5,"87,792",839
1529,서귀포시,산방산,2017,6,"53,429",536
1530,서귀포시,산방산,2017,7,"31,100",613
1531,서귀포시,산방산,2017,8,"26,469",333
1532,서귀포시,산방산,2017,9,"38,747",337
1533,서귀포시,산방산,2017,10,"48,208",536
1534,서귀포시,산방산,2017,11,"52,589",601
1535,서귀포시,산방산,2017,12,"37,047",415
1536,서귀포시,산방산,2018,1,"40,749",205
1537,서귀포시,산방산,2018,2,"37,768",432
1538,서귀포시,산방산,2018,3,"50,592",651
1539,서귀포시,산방산,2018,4,"60,326","1,221"
1540,서귀포시,산방산,2018,5,"51,272",821
1541,서귀포시,산방산,2018,6,"34,538",865
1542,서귀포시,산방산,2018,7,"19,925",531
1543,서귀포시,산방산,2018,8,"15,635",502
1544,서귀포시,산방산,2018,9,"25,677",604
1545,서귀포시,산방산,2018,10,"50,972","1,714"
1546,서귀포시,산방산,2018,11,"37,190","1,660"
1547,서귀포시,산방산,2018,12,"28,204",758
1548,서귀포시,산방산,2019,1,"41,984",721
1549,서귀포시,산방산,2019,2,"34,185",845
1550,서귀포시,산방산,2019,3,"56,821","1,360"
1551,서귀포시,산방산,2019,4,"61,411","1,468"
1552,서귀포시,산방산,2019,5,"62,916","1,487"
1553,서귀포시,산방산,2019,6,"41,940","1,048"
1554,서귀포시,산방산,2019,7,"29,765","1,076"
1555,서귀포시,산방산,2019,8,"24,662",894
1556,서귀포시,산방산,2019,9,"23,171",763
1557,서귀포시,산방산,2019,10,"37,376",925
1558,서귀포시,산방산,2019,11,"33,606",691
1559,서귀포시,산방산,2019,12,"32,770",995
1560,서귀포시,서귀포도립해양공원,2015,1,"14,088",0
1561,서귀포시,서귀포도립해양공원,2015,2,"11,030",0
1562,서귀포시,서귀포도립해양공원,2015,3,"15,802",0
1563,서귀포시,서귀포도립해양공원,2015,4,"20,275",0
1564,서귀포시,서귀포도립해양공원,2015,5,"20,628",0
1565,서귀포시,서귀포도립해양공원,2015,6,"11,895",0
1566,서귀포시,서귀포도립해양공원,2015,7,"11,805",0
1567,서귀포시,서귀포도립해양공원,2015,8,"22,923",0
1568,서귀포시,서귀포도립해양공원,2015,9,"16,090",0
1569,서귀포시,서귀포도립해양공원,2015,10,"23,090",0
1570,서귀포시,서귀포도립해양공원,2015,11,"15,008",0
1571,서귀포시,서귀포도립해양공원,2015,12,"13,010",0
1572,서귀포시,서귀포도립해양공원,2016,1,"13,235",0
1573,서귀포시,서귀포도립해양공원,2016,2,"14,386",0
1574,서귀포시,서귀포도립해양공원,2016,3,"16,528",0
1575,서귀포시,서귀포도립해양공원,2016,4,"22,552",0
1576,서귀포시,서귀포도립해양공원,2016,5,"20,055",0
1577,서귀포시,서귀포도립해양공원,2016,6,"16,959",0
1578,서귀포시,서귀포도립해양공원,2016,7,"17,612",0
1579,서귀포시,서귀포도립해양공원,2016,8,"24,280",0
1580,서귀포시,서귀포도립해양공원,2016,9,"17,313",0
1581,서귀포시,서귀포도립해양공원,2016,10,"20,381",0
1582,서귀포시,서귀포도립해양공원,2016,11,"16,556",0
1583,서귀포시,서귀포도립해양공원,2016,12,"9,444",0
1584,서귀포시,서귀포도립해양공원,2017,1,"12,674",0
1585,서귀포시,서귀포도립해양공원,2017,2,"11,195",0
1586,서귀포시,서귀포도립해양공원,2017,3,"12,491",0
1587,서귀포시,서귀포도립해양공원,2017,4,"18,502",0
1588,서귀포시,서귀포도립해양공원,2017,5,"18,117",0
1589,서귀포시,서귀포도립해양공원,2017,6,"13,900",0
1590,서귀포시,서귀포도립해양공원,2017,7,"13,201",0
1591,서귀포시,서귀포도립해양공원,2017,8,"16,928",0
1592,서귀포시,서귀포도립해양공원,2017,9,"12,790",0
1593,서귀포시,서귀포도립해양공원,2017,10,"16,527",0
1594,서귀포시,서귀포도립해양공원,2017,11,"11,923",0
1595,서귀포시,서귀포도립해양공원,2017,12,"10,212",0
1596,서귀포시,서귀포도립해양공원,2018,1,"10,370",0
1597,서귀포시,서귀포도립해양공원,2018,2,"8,639",0
1598,서귀포시,서귀포도립해양공원,2018,3,"10,890",0
1599,서귀포시,서귀포도립해양공원,2018,4,"15,863",0
1600,서귀포시,서귀포도립해양공원,2018,5,"15,221",0
1601,서귀포시,서귀포도립해양공원,2018,6,"15,917",0
1602,서귀포시,서귀포도립해양공원,2018,7,"15,505",0
1603,서귀포시,서귀포도립해양공원,2018,8,"18,912",0
1604,서귀포시,서귀포도립해양공원,2018,9,"13,796",0
1605,서귀포시,서귀포도립해양공원,2018,10,"13,201",0
1606,서귀포시,서귀포도립해양공원,2018,11,"10,940",0
1607,서귀포시,서귀포도립해양공원,2018,12,"9,886",0
1608,서귀포시,서귀포도립해양공원,2019,1,"12,960",0
1609,서귀포시,서귀포도립해양공원,2019,2,"14,697",0
1610,서귀포시,서귀포도립해양공원,2019,3,"15,716",0
1611,서귀포시,서귀포도립해양공원,2019,4,"18,931",0
1612,서귀포시,서귀포도립해양공원,2019,5,"18,023",0
1613,서귀포시,서귀포도립해양공원,2019,6,"15,908",0
1614,서귀포시,서귀포도립해양공원,2019,7,"17,292",0
1615,서귀포시,서귀포도립해양공원,2019,8,"24,830",0
1616,서귀포시,서귀포도립해양공원,2019,9,"15,508",0
1617,서귀포시,서귀포도립해양공원,2019,10,"20,920",0
1618,서귀포시,서귀포도립해양공원,2019,11,"16,406",0
1619,서귀포시,서귀포도립해양공원,2019,12,"15,224",0
1620,서귀포시,서귀포자연휴양림,2015,1,"4,922",0
1621,서귀포시,서귀포자연휴양림,2015,2,"4,161",0
1622,서귀포시,서귀포자연휴양림,2015,3,"7,394",3
1623,서귀포시,서귀포자연휴양림,2015,4,"10,299",32
1624,서귀포시,서귀포자연휴양림,2015,5,"15,787",28
1625,서귀포시,서귀포자연휴양림,2015,6,"11,021",14
1626,서귀포시,서귀포자연휴양림,2015,7,"17,447",14
1627,서귀포시,서귀포자연휴양림,2015,8,"30,358",5
1628,서귀포시,서귀포자연휴양림,2015,9,"21,106",53
1629,서귀포시,서귀포자연휴양림,2015,10,"20,845",22
1630,서귀포시,서귀포자연휴양림,2015,11,"9,727",18
1631,서귀포시,서귀포자연휴양림,2015,12,"6,468",10
1632,서귀포시,서귀포자연휴양림,2016,1,"4,345",7
1633,서귀포시,서귀포자연휴양림,2016,2,"5,217",3
1634,서귀포시,서귀포자연휴양림,2016,3,"6,288",16
1635,서귀포시,서귀포자연휴양림,2016,4,"9,253",0
1636,서귀포시,서귀포자연휴양림,2016,5,"13,432",7
1637,서귀포시,서귀포자연휴양림,2016,6,"11,638",0
1638,서귀포시,서귀포자연휴양림,2016,7,"21,280",35
1639,서귀포시,서귀포자연휴양림,2016,8,"32,922",39
1640,서귀포시,서귀포자연휴양림,2016,9,"11,830",33
1641,서귀포시,서귀포자연휴양림,2016,10,"11,134",36
1642,서귀포시,서귀포자연휴양림,2016,11,"11,004",30
1643,서귀포시,서귀포자연휴양림,2016,12,"6,238",2
1644,서귀포시,서귀포자연휴양림,2017,1,"3,366",0
1645,서귀포시,서귀포자연휴양림,2017,2,"4,208",0
1646,서귀포시,서귀포자연휴양림,2017,3,"6,640",0
1647,서귀포시,서귀포자연휴양림,2017,4,"10,291",57
1648,서귀포시,서귀포자연휴양림,2017,5,"14,332",26
1649,서귀포시,서귀포자연휴양림,2017,6,"9,388",9
1650,서귀포시,서귀포자연휴양림,2017,7,"15,934",8
1651,서귀포시,서귀포자연휴양림,2017,8,"22,549",34
1652,서귀포시,서귀포자연휴양림,2017,9,"11,975",14
1653,서귀포시,서귀포자연휴양림,2017,10,"118,871",221
1654,서귀포시,서귀포자연휴양림,2017,11,"131,776",253
1655,서귀포시,서귀포자연휴양림,2017,12,"136,717",276
1656,서귀포시,서귀포자연휴양림,2018,1,"4,279",19
1657,서귀포시,서귀포자연휴양림,2018,2,"2,702",12
1658,서귀포시,서귀포자연휴양림,2018,3,"6,487",5
1659,서귀포시,서귀포자연휴양림,2018,4,"9,378",2
1660,서귀포시,서귀포자연휴양림,2018,5,"12,416",19
1661,서귀포시,서귀포자연휴양림,2018,6,"13,194",27
1662,서귀포시,서귀포자연휴양림,2018,7,"20,692",55
1663,서귀포시,서귀포자연휴양림,2018,8,"24,440",32
1664,서귀포시,서귀포자연휴양림,2018,9,"11,354",6
1665,서귀포시,서귀포자연휴양림,2018,10,"12,734",124
1666,서귀포시,서귀포자연휴양림,2018,11,"11,063",41
1667,서귀포시,서귀포자연휴양림,2018,12,"4,846",25
1668,서귀포시,서귀포자연휴양림,2019,1,"6,597",0
1669,서귀포시,서귀포자연휴양림,2019,2,"5,596",33
1670,서귀포시,서귀포자연휴양림,2019,3,"6,910",46
1671,서귀포시,서귀포자연휴양림,2019,4,"8,817",39
1672,서귀포시,서귀포자연휴양림,2019,5,"12,955",51
1673,서귀포시,서귀포자연휴양림,2019,6,"12,309",21
1674,서귀포시,서귀포자연휴양림,2019,7,"12,834",24
1675,서귀포시,서귀포자연휴양림,2019,8,"20,897",0
1676,서귀포시,서귀포자연휴양림,2019,9,"10,456",0
1677,서귀포시,서귀포자연휴양림,2019,10,"13,989",92
1678,서귀포시,서귀포자연휴양림,2019,11,"12,117",32
1679,서귀포시,서귀포자연휴양림,2019,12,"5,460",19
1680,서귀포시,서복전시관,2015,1,"2,586",119
1681,서귀포시,서복전시관,2015,2,"2,012",172
1682,서귀포시,서복전시관,2015,3,"3,087",66
1683,서귀포시,서복전시관,2015,4,"3,336",193
1684,서귀포시,서복전시관,2015,5,"3,627",298
1685,서귀포시,서복전시관,2015,6,"2,414",90
1686,서귀포시,서복전시관,2015,7,"2,537",38
1687,서귀포시,서복전시관,2015,8,"4,126",146
1688,서귀포시,서복전시관,2015,9,"4,924",209
1689,서귀포시,서복전시관,2015,10,"8,320",215
1690,서귀포시,서복전시관,2015,11,"6,012",140
1691,서귀포시,서복전시관,2015,12,"5,344",73
1692,서귀포시,서복전시관,2016,1,"5,175",42
1693,서귀포시,서복전시관,2016,2,"4,838",77
1694,서귀포시,서복전시관,2016,3,"4,854",82
1695,서귀포시,서복전시관,2016,4,"5,221",112
1696,서귀포시,서복전시관,2016,5,"6,117",113
1697,서귀포시,서복전시관,2016,6,"5,396",263
1698,서귀포시,서복전시관,2016,7,"4,099",434
1699,서귀포시,서복전시관,2016,8,"2,788",409
1700,서귀포시,서복전시관,2016,9,"3,287",399
1701,서귀포시,서복전시관,2016,10,"3,806",744
1702,서귀포시,서복전시관,2016,11,"3,298",234
1703,서귀포시,서복전시관,2016,12,"2,849",189
1704,서귀포시,서복전시관,2017,1,"3,229",166
1705,서귀포시,서복전시관,2017,2,"3,074",85
1706,서귀포시,서복전시관,2017,3,"2,954",231
1707,서귀포시,서복전시관,2017,4,"6,559",30
1708,서귀포시,서복전시관,2017,5,"4,165",216
1709,서귀포시,서복전시관,2017,6,"2,951",170
1710,서귀포시,서복전시관,2017,7,"2,534",245
1711,서귀포시,서복전시관,2017,8,"2,254",175
1712,서귀포시,서복전시관,2017,9,"2,663",185
1713,서귀포시,서복전시관,2017,10,"2,833",183
1714,서귀포시,서복전시관,2017,11,"2,530",219
1715,서귀포시,서복전시관,2017,12,"2,976",175
1716,서귀포시,서복전시관,2018,1,"2,846",138
1717,서귀포시,서복전시관,2018,2,"2,135",69
1718,서귀포시,서복전시관,2018,3,"3,025",96
1719,서귀포시,서복전시관,2018,4,"4,550",159
1720,서귀포시,서복전시관,2018,5,"3,254",132
1721,서귀포시,서복전시관,2018,6,"2,631",183
1722,서귀포시,서복전시관,2018,7,"2,554",168
1723,서귀포시,서복전시관,2018,8,"2,868",18
1724,서귀포시,서복전시관,2018,9,"3,770",3
1725,서귀포시,서복전시관,2018,10,"6,374",8
1726,서귀포시,서복전시관,2018,11,"2,566",25
1727,서귀포시,서복전시관,2018,12,"2,255",26
1728,서귀포시,서복전시관,2019,1,"2,337",31
1729,서귀포시,서복전시관,2019,2,"1,982",4
1730,서귀포시,서복전시관,2019,3,"2,423",13
1731,서귀포시,서복전시관,2019,4,"2,739",71
1732,서귀포시,서복전시관,2019,5,"3,065",113
1733,서귀포시,서복전시관,2019,6,"1,926",531
1734,서귀포시,서복전시관,2019,7,"1,768",563
1735,서귀포시,서복전시관,2019,8,"2,106",839
1736,서귀포시,서복전시관,2019,9,"3,577",570
1737,서귀포시,서복전시관,2019,10,"6,586",628
1738,서귀포시,서복전시관,2019,11,"2,580",371
1739,서귀포시,서복전시관,2019,12,"2,231",114
1740,서귀포시,성산일출봉,2015,1,"131,569","74,914"
1741,서귀포시,성산일출봉,2015,2,"114,212","121,038"
1742,서귀포시,성산일출봉,2015,3,"128,152","115,232"
1743,서귀포시,성산일출봉,2015,4,"169,543","171,321"
1744,서귀포시,성산일출봉,2015,5,"206,562","157,029"
1745,서귀포시,성산일출봉,2015,6,"117,040","57,537"
1746,서귀포시,성산일출봉,2015,7,"130,925","13,409"
1747,서귀포시,성산일출봉,2015,8,"162,638","74,357"
1748,서귀포시,성산일출봉,2015,9,"154,329","101,292"
1749,서귀포시,성산일출봉,2015,10,"202,538","150,295"
1750,서귀포시,성산일출봉,2015,11,"134,465","103,906"
1751,서귀포시,성산일출봉,2015,12,"133,388","84,552"
1752,서귀포시,성산일출봉,2016,1,"132,209","73,030"
1753,서귀포시,성산일출봉,2016,2,"131,882","97,524"
1754,서귀포시,성산일출봉,2016,3,"145,758","105,444"
1755,서귀포시,성산일출봉,2016,4,"193,016","134,215"
1756,서귀포시,성산일출봉,2016,5,"211,106","129,010"
1757,서귀포시,성산일출봉,2016,6,"146,714","139,949"
1758,서귀포시,성산일출봉,2016,7,"126,041","188,401"
1759,서귀포시,성산일출봉,2016,8,"129,298","151,387"
1760,서귀포시,성산일출봉,2016,9,"134,625","105,831"
1761,서귀포시,성산일출봉,2016,10,"173,600","118,873"
1762,서귀포시,성산일출봉,2016,11,"124,724","74,139"
1763,서귀포시,성산일출봉,2016,12,"118,401","84,736"
1764,서귀포시,성산일출봉,2017,1,"128,465","74,197"
1765,서귀포시,성산일출봉,2017,2,"115,528","63,088"
1766,서귀포시,성산일출봉,2017,3,"145,626","36,600"
1767,서귀포시,성산일출봉,2017,4,"250,137","42,661"
1768,서귀포시,성산일출봉,2017,5,"205,007","22,598"
1769,서귀포시,성산일출봉,2017,6,"142,277","26,131"
1770,서귀포시,성산일출봉,2017,7,"101,257","19,101"
1771,서귀포시,성산일출봉,2017,8,"123,318","15,185"
1772,서귀포시,성산일출봉,2017,9,"144,931","19,018"
1773,서귀포시,성산일출봉,2017,10,"174,036","30,013"
1774,서귀포시,성산일출봉,2017,11,"127,040","19,906"
1775,서귀포시,성산일출봉,2017,12,"101,111","31,647"
1776,서귀포시,성산일출봉,2018,1,"112,264","11,315"
1777,서귀포시,성산일출봉,2018,2,"85,830","15,596"
1778,서귀포시,성산일출봉,2018,3,"124,284","19,117"
1779,서귀포시,성산일출봉,2018,4,"170,803","36,119"
1780,서귀포시,성산일출봉,2018,5,"183,396","25,145"
1781,서귀포시,성산일출봉,2018,6,"129,395","29,631"
1782,서귀포시,성산일출봉,2018,7,"93,456","21,524"
1783,서귀포시,성산일출봉,2018,8,"107,067","22,683"
1784,서귀포시,성산일출봉,2018,9,"123,516","27,419"
1785,서귀포시,성산일출봉,2018,10,"156,271","40,014"
1786,서귀포시,성산일출봉,2018,11,"113,040","35,661"
1787,서귀포시,성산일출봉,2018,12,"99,232","39,882"
1788,서귀포시,성산일출봉,2019,1,"86,112","22,253"
1789,서귀포시,성산일출봉,2019,2,"113,755","29,016"
1790,서귀포시,성산일출봉,2019,3,"124,899","36,111"
1791,서귀포시,성산일출봉,2019,4,"157,455","51,398"
1792,서귀포시,성산일출봉,2019,5,"172,633","39,014"
1793,서귀포시,성산일출봉,2019,6,"128,886","42,687"
1794,서귀포시,성산일출봉,2019,7,"70,862","31,669"
1795,서귀포시,성산일출봉,2019,8,"80,284","31,248"
1796,서귀포시,성산일출봉,2019,9,"76,662","22,063"
1797,서귀포시,성산일출봉,2019,10,"123,413","40,417"
1798,서귀포시,성산일출봉,2019,11,"84,792","27,633"
1799,서귀포시,성산일출봉,2019,12,"79,599","35,052"
1800,서귀포시,소인국테마파크,2015,1,0,0
1801,서귀포시,소인국테마파크,2015,2,0,0
1802,서귀포시,소인국테마파크,2015,3,0,0
1803,서귀포시,소인국테마파크,2015,4,0,0
1804,서귀포시,소인국테마파크,2015,5,0,0
1805,서귀포시,소인국테마파크,2015,6,0,0
1806,서귀포시,소인국테마파크,2015,7,0,0
1807,서귀포시,소인국테마파크,2015,8,0,0
1808,서귀포시,소인국테마파크,2015,9,0,0
1809,서귀포시,소인국테마파크,2015,10,0,0
1810,서귀포시,소인국테마파크,2015,11,0,0
1811,서귀포시,소인국테마파크,2015,12,0,0
1812,서귀포시,소인국테마파크,2016,1,0,0
1813,서귀포시,소인국테마파크,2016,2,0,0
1814,서귀포시,소인국테마파크,2016,3,0,0
1815,서귀포시,소인국테마파크,2016,4,0,0
1816,서귀포시,소인국테마파크,2016,5,0,0
1817,서귀포시,소인국테마파크,2016,6,0,0
1818,서귀포시,소인국테마파크,2016,7,0,0
1819,서귀포시,소인국테마파크,2016,8,0,0
1820,서귀포시,소인국테마파크,2016,9,0,0
1821,서귀포시,소인국테마파크,2016,10,0,0
1822,서귀포시,소인국테마파크,2016,11,0,0
1823,서귀포시,소인국테마파크,2016,12,0,0
1824,서귀포시,소인국테마파크,2017,1,0,0
1825,서귀포시,소인국테마파크,2017,2,0,0
1826,서귀포시,소인국테마파크,2017,3,0,0
1827,서귀포시,소인국테마파크,2017,4,0,0
1828,서귀포시,소인국테마파크,2017,5,0,0
1829,서귀포시,소인국테마파크,2017,6,0,0
1830,서귀포시,소인국테마파크,2017,7,0,0
1831,서귀포시,소인국테마파크,2017,8,0,0
1832,서귀포시,소인국테마파크,2017,9,0,0
1833,서귀포시,소인국테마파크,2017,10,0,0
1834,서귀포시,소인국테마파크,2017,11,0,0
1835,서귀포시,소인국테마파크,2017,12,0,0
1836,서귀포시,소인국테마파크,2018,1,0,0
1837,서귀포시,소인국테마파크,2018,2,0,0
1838,서귀포시,소인국테마파크,2018,3,0,0
1839,서귀포시,소인국테마파크,2018,4,0,0
1840,서귀포시,소인국테마파크,2018,5,0,0
1841,서귀포시,소인국테마파크,2018,6,0,0
1842,서귀포시,소인국테마파크,2018,7,0,0
1843,서귀포시,소인국테마파크,2018,8,0,0
1844,서귀포시,소인국테마파크,2018,9,0,0
1845,서귀포시,소인국테마파크,2018,10,0,0
1846,서귀포시,소인국테마파크,2018,11,0,0
1847,서귀포시,소인국테마파크,2018,12,0,0
1848,서귀포시,소인국테마파크,2019,1,0,0
1849,서귀포시,소인국테마파크,2019,2,0,0
1850,서귀포시,소인국테마파크,2019,3,0,0
1851,서귀포시,소인국테마파크,2019,4,0,0
1852,서귀포시,소인국테마파크,2019,5,0,0
1853,서귀포시,소인국테마파크,2019,6,0,0
1854,서귀포시,소인국테마파크,2019,7,0,0
1855,서귀포시,소인국테마파크,2019,8,0,0
1856,서귀포시,소인국테마파크,2019,9,0,0
1857,서귀포시,소인국테마파크,2019,10,0,0
1858,서귀포시,소인국테마파크,2019,11,0,0
1859,서귀포시,소인국테마파크,2019,12,0,0
1860,서귀포시,신영영화박물관,2015,1,0,0
1861,서귀포시,신영영화박물관,2015,2,0,0
1862,서귀포시,신영영화박물관,2015,3,0,0
1863,서귀포시,신영영화박물관,2015,4,0,0
1864,서귀포시,신영영화박물관,2015,5,0,0
1865,서귀포시,신영영화박물관,2015,6,0,0
1866,서귀포시,신영영화박물관,2015,7,0,0
1867,서귀포시,신영영화박물관,2015,8,0,0
1868,서귀포시,신영영화박물관,2015,9,0,0
1869,서귀포시,신영영화박물관,2015,10,0,0
1870,서귀포시,신영영화박물관,2015,11,0,0
1871,서귀포시,신영영화박물관,2015,12,0,0
1872,서귀포시,신영영화박물관,2016,1,0,0
1873,서귀포시,신영영화박물관,2016,2,0,0
1874,서귀포시,신영영화박물관,2016,3,0,0
1875,서귀포시,신영영화박물관,2016,4,0,0
1876,서귀포시,신영영화박물관,2016,5,0,0
1877,서귀포시,신영영화박물관,2016,6,0,0
1878,서귀포시,신영영화박물관,2016,7,0,0
1879,서귀포시,신영영화박물관,2016,8,0,0
1880,서귀포시,신영영화박물관,2016,9,0,0
1881,서귀포시,신영영화박물관,2016,10,0,0
1882,서귀포시,신영영화박물관,2016,11,0,0
1883,서귀포시,신영영화박물관,2016,12,0,0
1884,서귀포시,신영영화박물관,2017,1,0,0
1885,서귀포시,신영영화박물관,2017,2,0,0
1886,서귀포시,신영영화박물관,2017,3,0,0
1887,서귀포시,신영영화박물관,2017,4,0,0
1888,서귀포시,신영영화박물관,2017,5,0,0
1889,서귀포시,신영영화박물관,2017,6,0,0
1890,서귀포시,신영영화박물관,2017,7,0,0
1891,서귀포시,신영영화박물관,2017,8,0,0
1892,서귀포시,신영영화박물관,2017,9,0,0
1893,서귀포시,신영영화박물관,2017,10,0,0
1894,서귀포시,신영영화박물관,2017,11,0,0
1895,서귀포시,신영영화박물관,2017,12,0,0
1896,서귀포시,신영영화박물관,2018,1,0,0
1897,서귀포시,신영영화박물관,2018,2,0,0
1898,서귀포시,신영영화박물관,2018,3,0,0
1899,서귀포시,신영영화박물관,2018,4,0,0
1900,서귀포시,신영영화박물관,2018,5,0,0
1901,서귀포시,신영영화박물관,2018,6,0,0
1902,서귀포시,신영영화박물관,2018,7,0,0
1903,서귀포시,신영영화박물관,2018,8,0,0
1904,서귀포시,신영영화박물관,2018,9,0,0
1905,서귀포시,신영영화박물관,2018,10,0,0
1906,서귀포시,신영영화박물관,2018,11,0,0
1907,서귀포시,신영영화박물관,2018,12,0,0
1908,서귀포시,신영영화박물관,2019,1,0,0
1909,서귀포시,신영영화박물관,2019,2,0,0
1910,서귀포시,신영영화박물관,2019,3,0,0
1911,서귀포시,신영영화박물관,2019,4,0,0
1912,서귀포시,신영영화박물관,2019,5,0,0
1913,서귀포시,신영영화박물관,2019,6,0,0
1914,서귀포시,신영영화박물관,2019,7,0,0
1915,서귀포시,신영영화박물관,2019,8,0,0
1916,서귀포시,신영영화박물관,2019,9,0,0
1917,서귀포시,신영영화박물관,2019,10,0,0
1918,서귀포시,신영영화박물관,2019,11,0,0
1919,서귀포시,신영영화박물관,2019,12,0,0
1920,서귀포시,아프리카박물관,2015,1,0,0
1921,서귀포시,아프리카박물관,2015,2,0,0
1922,서귀포시,아프리카박물관,2015,3,0,0
1923,서귀포시,아프리카박물관,2015,4,0,0
1924,서귀포시,아프리카박물관,2015,5,0,0
1925,서귀포시,아프리카박물관,2015,6,0,0
1926,서귀포시,아프리카박물관,2015,7,0,0
1927,서귀포시,아프리카박물관,2015,8,0,0
1928,서귀포시,아프리카박물관,2015,9,0,0
1929,서귀포시,아프리카박물관,2015,10,0,0
1930,서귀포시,아프리카박물관,2015,11,0,0
1931,서귀포시,아프리카박물관,2015,12,0,0
1932,서귀포시,아프리카박물관,2016,1,0,0
1933,서귀포시,아프리카박물관,2016,2,0,0
1934,서귀포시,아프리카박물관,2016,3,0,0
1935,서귀포시,아프리카박물관,2016,4,0,0
1936,서귀포시,아프리카박물관,2016,5,0,0
1937,서귀포시,아프리카박물관,2016,6,0,0
1938,서귀포시,아프리카박물관,2016,7,0,0
1939,서귀포시,아프리카박물관,2016,8,0,0
1940,서귀포시,아프리카박물관,2016,9,0,0
1941,서귀포시,아프리카박물관,2016,10,0,0
1942,서귀포시,아프리카박물관,2016,11,0,0
1943,서귀포시,아프리카박물관,2016,12,0,0
1944,서귀포시,아프리카박물관,2017,1,0,0
1945,서귀포시,아프리카박물관,2017,2,0,0
1946,서귀포시,아프리카박물관,2017,3,0,0
1947,서귀포시,아프리카박물관,2017,4,0,0
1948,서귀포시,아프리카박물관,2017,5,0,0
1949,서귀포시,아프리카박물관,2017,6,0,0
1950,서귀포시,아프리카박물관,2017,7,0,0
1951,서귀포시,아프리카박물관,2017,8,0,0
1952,서귀포시,아프리카박물관,2017,9,0,0
1953,서귀포시,아프리카박물관,2017,10,0,0
1954,서귀포시,아프리카박물관,2017,11,0,0
1955,서귀포시,아프리카박물관,2017,12,0,0
1956,서귀포시,아프리카박물관,2018,1,0,0
1957,서귀포시,아프리카박물관,2018,2,0,0
1958,서귀포시,아프리카박물관,2018,3,0,0
1959,서귀포시,아프리카박물관,2018,4,0,0
1960,서귀포시,아프리카박물관,2018,5,0,0
1961,서귀포시,아프리카박물관,2018,6,0,0
1962,서귀포시,아프리카박물관,2018,7,0,0
1963,서귀포시,아프리카박물관,2018,8,0,0
1964,서귀포시,아프리카박물관,2018,9,0,0
1965,서귀포시,아프리카박물관,2018,10,0,0
1966,서귀포시,아프리카박물관,2018,11,0,0
1967,서귀포시,아프리카박물관,2018,12,0,0
1968,서귀포시,아프리카박물관,2019,1,0,0
1969,서귀포시,아프리카박물관,2019,2,0,0
1970,서귀포시,아프리카박물관,2019,3,0,0
1971,서귀포시,아프리카박물관,2019,4,0,0
1972,서귀포시,아프리카박물관,2019,5,0,0
1973,서귀포시,아프리카박물관,2019,6,0,0
1974,서귀포시,아프리카박물관,2019,7,0,0
1975,서귀포시,아프리카박물관,2019,8,0,0
1976,서귀포시,아프리카박물관,2019,9,0,0
1977,서귀포시,아프리카박물관,2019,10,0,0
1978,서귀포시,아프리카박물관,2019,11,0,0
1979,서귀포시,아프리카박물관,2019,12,0,0
1980,서귀포시,여미지식물원,2015,1,0,0
1981,서귀포시,여미지식물원,2015,2,0,0
1982,서귀포시,여미지식물원,2015,3,0,0
1983,서귀포시,여미지식물원,2015,4,0,0
1984,서귀포시,여미지식물원,2015,5,0,0
1985,서귀포시,여미지식물원,2015,6,0,0
1986,서귀포시,여미지식물원,2015,7,0,0
1987,서귀포시,여미지식물원,2015,8,0,0
1988,서귀포시,여미지식물원,2015,9,0,0
1989,서귀포시,여미지식물원,2015,10,0,0
1990,서귀포시,여미지식물원,2015,11,0,0
1991,서귀포시,여미지식물원,2015,12,0,0
1992,서귀포시,여미지식물원,2016,1,0,0
1993,서귀포시,여미지식물원,2016,2,0,0
1994,서귀포시,여미지식물원,2016,3,0,0
1995,서귀포시,여미지식물원,2016,4,0,0
1996,서귀포시,여미지식물원,2016,5,0,0
1997,서귀포시,여미지식물원,2016,6,0,0
1998,서귀포시,여미지식물원,2016,7,0,0
1999,서귀포시,여미지식물원,2016,8,0,0
2000,서귀포시,여미지식물원,2016,9,0,0
2001,서귀포시,여미지식물원,2016,10,0,0
2002,서귀포시,여미지식물원,2016,11,0,0
2003,서귀포시,여미지식물원,2016,12,0,0
2004,서귀포시,여미지식물원,2017,1,0,0
2005,서귀포시,여미지식물원,2017,2,0,0
2006,서귀포시,여미지식물원,2017,3,0,0
2007,서귀포시,여미지식물원,2017,4,0,0
2008,서귀포시,여미지식물원,2017,5,0,0
2009,서귀포시,여미지식물원,2017,6,0,0
2010,서귀포시,여미지식물원,2017,7,0,0
2011,서귀포시,여미지식물원,2017,8,0,0
2012,서귀포시,여미지식물원,2017,9,0,0
2013,서귀포시,여미지식물원,2017,10,0,0
2014,서귀포시,여미지식물원,2017,11,0,0
2015,서귀포시,여미지식물원,2017,12,0,0
2016,서귀포시,여미지식물원,2018,1,0,0
2017,서귀포시,여미지식물원,2018,2,0,0
2018,서귀포시,여미지식물원,2018,3,0,0
2019,서귀포시,여미지식물원,2018,4,0,0
2020,서귀포시,여미지식물원,2018,5,0,0
2021,서귀포시,여미지식물원,2018,6,0,0
2022,서귀포시,여미지식물원,2018,7,0,0
2023,서귀포시,여미지식물원,2018,8,0,0
2024,서귀포시,여미지식물원,2018,9,0,0
2025,서귀포시,여미지식물원,2018,10,0,0
2026,서귀포시,여미지식물원,2018,11,0,0
2027,서귀포시,여미지식물원,2018,12,0,0
2028,서귀포시,여미지식물원,2019,1,0,0
2029,서귀포시,여미지식물원,2019,2,0,0
2030,서귀포시,여미지식물원,2019,3,0,0
2031,서귀포시,여미지식물원,2019,4,0,0
2032,서귀포시,여미지식물원,2019,5,0,0
2033,서귀포시,여미지식물원,2019,6,0,0
2034,서귀포시,여미지식물원,2019,7,0,0
2035,서귀포시,여미지식물원,2019,8,0,0
2036,서귀포시,여미지식물원,2019,9,0,0
2037,서귀포시,여미지식물원,2019,10,0,0
2038,서귀포시,여미지식물원,2019,11,0,0
2039,서귀포시,여미지식물원,2019,12,0,0
2040,서귀포시,이중섭미술관,2015,1,"25,374",59
2041,서귀포시,이중섭미술관,2015,2,"19,091",44
2042,서귀포시,이중섭미술관,2015,3,"14,555",13
2043,서귀포시,이중섭미술관,2015,4,"18,740",87
2044,서귀포시,이중섭미술관,2015,5,"22,236",108
2045,서귀포시,이중섭미술관,2015,6,"15,586",106
2046,서귀포시,이중섭미술관,2015,7,"27,756",84
2047,서귀포시,이중섭미술관,2015,8,"31,955",35
2048,서귀포시,이중섭미술관,2015,9,"17,550",32
2049,서귀포시,이중섭미술관,2015,10,"24,867",12
2050,서귀포시,이중섭미술관,2015,11,0,0
2051,서귀포시,이중섭미술관,2015,12,"18,412",9
2052,서귀포시,이중섭미술관,2016,1,"23,624",15
2053,서귀포시,이중섭미술관,2016,2,"19,727",14
2054,서귀포시,이중섭미술관,2016,3,"15,311",56
2055,서귀포시,이중섭미술관,2016,4,"20,136",107
2056,서귀포시,이중섭미술관,2016,5,"26,197",313
2057,서귀포시,이중섭미술관,2016,6,"19,843",372
2058,서귀포시,이중섭미술관,2016,7,"28,691",263
2059,서귀포시,이중섭미술관,2016,8,"30,193",312
2060,서귀포시,이중섭미술관,2016,9,"20,536",244
2061,서귀포시,이중섭미술관,2016,10,"24,946",177
2062,서귀포시,이중섭미술관,2016,11,"18,400",99
2063,서귀포시,이중섭미술관,2016,12,"21,354",54
2064,서귀포시,이중섭미술관,2017,1,"24,646",26
2065,서귀포시,이중섭미술관,2017,2,"21,221",4
2066,서귀포시,이중섭미술관,2017,3,"16,101",8
2067,서귀포시,이중섭미술관,2017,4,"17,815","5,071"
2068,서귀포시,이중섭미술관,2017,5,"27,131",82
2069,서귀포시,이중섭미술관,2017,6,"17,361",405
2070,서귀포시,이중섭미술관,2017,7,"22,836",137
2071,서귀포시,이중섭미술관,2017,8,"29,318",113
2072,서귀포시,이중섭미술관,2017,9,"18,781",95
2073,서귀포시,이중섭미술관,2017,10,"24,337",136
2074,서귀포시,이중섭미술관,2017,11,"17,487",70
2075,서귀포시,이중섭미술관,2017,12,"34,081",90
2076,서귀포시,이중섭미술관,2018,1,"39,017",60
2077,서귀포시,이중섭미술관,2018,2,"23,244",30
2078,서귀포시,이중섭미술관,2018,3,"17,639",18
2079,서귀포시,이중섭미술관,2018,4,"22,873",87
2080,서귀포시,이중섭미술관,2018,5,"30,722",89
2081,서귀포시,이중섭미술관,2018,6,"16,264",56
2082,서귀포시,이중섭미술관,2018,7,"21,555",144
2083,서귀포시,이중섭미술관,2018,8,"25,446",146
2084,서귀포시,이중섭미술관,2018,9,"19,612",6
2085,서귀포시,이중섭미술관,2018,10,"14,574",42
2086,서귀포시,이중섭미술관,2018,11,"16,897",32
2087,서귀포시,이중섭미술관,2018,12,"16,475",9
2088,서귀포시,이중섭미술관,2019,1,"19,832",40
2089,서귀포시,이중섭미술관,2019,2,"18,518",22
2090,서귀포시,이중섭미술관,2019,3,"14,869",35
2091,서귀포시,이중섭미술관,2019,4,"16,795",77
2092,서귀포시,이중섭미술관,2019,5,"16,842",83
2093,서귀포시,이중섭미술관,2019,6,0,0
2094,서귀포시,이중섭미술관,2019,7,"18,676",134
2095,서귀포시,이중섭미술관,2019,8,"21,067",144
2096,서귀포시,이중섭미술관,2019,9,"22,362",32
2097,서귀포시,이중섭미술관,2019,10,"26,033",77
2098,서귀포시,이중섭미술관,2019,11,"17,439",38
2099,서귀포시,이중섭미술관,2019,12,"15,744",8
2100,서귀포시,일출랜드,2015,1,"19,382",953
2101,서귀포시,일출랜드,2015,2,"14,008",599
2102,서귀포시,일출랜드,2015,3,"31,669","1,359"
2103,서귀포시,일출랜드,2015,4,"51,711","3,068"
2104,서귀포시,일출랜드,2015,5,"43,589","1,956"
2105,서귀포시,일출랜드,2015,6,"16,671",841
2106,서귀포시,일출랜드,2015,7,"13,917",738
2107,서귀포시,일출랜드,2015,8,"22,751","1,439"
2108,서귀포시,일출랜드,2015,9,"26,481","1,750"
2109,서귀포시,일출랜드,2015,10,"40,127","2,068"
2110,서귀포시,일출랜드,2015,11,"27,996","3,885"
2111,서귀포시,일출랜드,2015,12,"16,765","3,800"
2112,서귀포시,일출랜드,2016,1,"18,697","3,776"
2113,서귀포시,일출랜드,2016,2,"15,799","2,941"
2114,서귀포시,일출랜드,2016,3,"34,331","2,710"
2115,서귀포시,일출랜드,2016,4,"48,092","4,420"
2116,서귀포시,일출랜드,2016,5,"41,774","5,943"
2117,서귀포시,일출랜드,2016,6,"27,153","4,012"
2118,서귀포시,일출랜드,2016,7,"15,008","3,451"
2119,서귀포시,일출랜드,2016,8,"20,971","4,270"
2120,서귀포시,일출랜드,2016,9,"21,742","3,216"
2121,서귀포시,일출랜드,2016,10,"34,710","3,216"
2122,서귀포시,일출랜드,2016,11,"26,672","2,384"
2123,서귀포시,일출랜드,2016,12,"14,990","2,728"
2124,서귀포시,일출랜드,2017,1,"15,061","3,298"
2125,서귀포시,일출랜드,2017,2,"16,476","3,558"
2126,서귀포시,일출랜드,2017,3,"33,768","1,266"
2127,서귀포시,일출랜드,2017,4,"54,513",662
2128,서귀포시,일출랜드,2017,5,"45,914",984
2129,서귀포시,일출랜드,2017,6,"28,390",229
2130,서귀포시,일출랜드,2017,7,"16,701",527
2131,서귀포시,일출랜드,2017,8,"21,811",721
2132,서귀포시,일출랜드,2017,9,"23,352",948
2133,서귀포시,일출랜드,2017,10,"35,471","1,594"
2134,서귀포시,일출랜드,2017,11,"28,475","1,094"
2135,서귀포시,일출랜드,2017,12,"17,413",936
2136,서귀포시,일출랜드,2018,1,"18,401",491
2137,서귀포시,일출랜드,2018,2,"11,868",267
2138,서귀포시,일출랜드,2018,3,"31,906","1,226"
2139,서귀포시,일출랜드,2018,4,"48,995",595
2140,서귀포시,일출랜드,2018,5,"38,779",511
2141,서귀포시,일출랜드,2018,6,"22,706",206
2142,서귀포시,일출랜드,2018,7,"15,904",341
2143,서귀포시,일출랜드,2018,8,"19,819",655
2144,서귀포시,일출랜드,2018,9,"18,689",519
2145,서귀포시,일출랜드,2018,10,"28,770",611
2146,서귀포시,일출랜드,2018,11,"26,529",193
2147,서귀포시,일출랜드,2018,12,"15,578",523
2148,서귀포시,일출랜드,2019,1,"14,390",444
2149,서귀포시,일출랜드,2019,2,"13,259",765
2150,서귀포시,일출랜드,2019,3,"31,335",333
2151,서귀포시,일출랜드,2019,4,"40,550",559
2152,서귀포시,일출랜드,2019,5,"34,168","1,920"
2153,서귀포시,일출랜드,2019,6,"22,934","2,546"
2154,서귀포시,일출랜드,2019,7,"14,237","2,261"
2155,서귀포시,일출랜드,2019,8,"19,583","2,429"
2156,서귀포시,일출랜드,2019,9,"18,487","1,550"
2157,서귀포시,일출랜드,2019,10,0,0
2158,서귀포시,일출랜드,2019,11,0,0
2159,서귀포시,일출랜드,2019,12,0,0
2160,서귀포시,정방폭포,2015,1,"49,901","1,910"
2161,서귀포시,정방폭포,2015,2,"41,244","2,276"
2162,서귀포시,정방폭포,2015,3,"51,738","2,881"
2163,서귀포시,정방폭포,2015,4,"67,370","3,445"
2164,서귀포시,정방폭포,2015,5,"94,510","3,861"
2165,서귀포시,정방폭포,2015,6,"64,893","1,566"
2166,서귀포시,정방폭포,2015,7,"87,203",559
2167,서귀포시,정방폭포,2015,8,"135,646","1,464"
2168,서귀포시,정방폭포,2015,9,"95,308","2,663"
2169,서귀포시,정방폭포,2015,10,"111,728","3,238"
2170,서귀포시,정방폭포,2015,11,"73,108","2,225"
2171,서귀포시,정방폭포,2015,12,"60,512","1,745"
2172,서귀포시,정방폭포,2016,1,"70,735","1,277"
2173,서귀포시,정방폭포,2016,2,"71,975","1,253"
2174,서귀포시,정방폭포,2016,3,"79,371","1,759"
2175,서귀포시,정방폭포,2016,4,"99,518","2,265"
2176,서귀포시,정방폭포,2016,5,"119,060","2,395"
2177,서귀포시,정방폭포,2016,6,"93,723","3,017"
2178,서귀포시,정방폭포,2016,7,"102,420","3,957"
2179,서귀포시,정방폭포,2016,8,"115,452","4,397"
2180,서귀포시,정방폭포,2016,9,"84,639","3,484"
2181,서귀포시,정방폭포,2016,10,"90,831","4,154"
2182,서귀포시,정방폭포,2016,11,"59,652","2,418"
2183,서귀포시,정방폭포,2016,12,"49,792","1,727"
2184,서귀포시,정방폭포,2017,1,"56,462","1,605"
2185,서귀포시,정방폭포,2017,2,"54,363","1,475"
2186,서귀포시,정방폭포,2017,3,"66,378","2,866"
2187,서귀포시,정방폭포,2017,4,"128,170","6,271"
2188,서귀포시,정방폭포,2017,5,"89,963","4,374"
2189,서귀포시,정방폭포,2017,6,"73,064","2,597"
2190,서귀포시,정방폭포,2017,7,"77,176","1,673"
2191,서귀포시,정방폭포,2017,8,"90,636","1,390"
2192,서귀포시,정방폭포,2017,9,"75,032","1,779"
2193,서귀포시,정방폭포,2017,10,"85,816","2,050"
2194,서귀포시,정방폭포,2017,11,"55,908","1,720"
2195,서귀포시,정방폭포,2017,12,"52,938","1,284"
2196,서귀포시,정방폭포,2018,1,"50,810",823
2197,서귀포시,정방폭포,2018,2,"39,382","1,136"
2198,서귀포시,정방폭포,2018,3,"58,086","2,213"
2199,서귀포시,정방폭포,2018,4,"76,925","6,031"
2200,서귀포시,정방폭포,2018,5,"77,826","6,952"
2201,서귀포시,정방폭포,2018,6,"67,353","7,684"
2202,서귀포시,정방폭포,2018,7,"58,321","6,523"
2203,서귀포시,정방폭포,2018,8,"78,277","6,357"
2204,서귀포시,정방폭포,2018,9,"65,581","7,279"
2205,서귀포시,정방폭포,2018,10,"70,347","5,927"
2206,서귀포시,정방폭포,2018,11,"49,803","4,274"
2207,서귀포시,정방폭포,2018,12,"42,811","3,394"
2208,서귀포시,정방폭포,2019,1,"49,045",973
2209,서귀포시,정방폭포,2019,2,"49,485","1,938"
2210,서귀포시,정방폭포,2019,3,"66,749","3,703"
2211,서귀포시,정방폭포,2019,4,"70,056","5,356"
2212,서귀포시,정방폭포,2019,5,"69,269","4,810"
2213,서귀포시,정방폭포,2019,6,"62,910","5,797"
2214,서귀포시,정방폭포,2019,7,"60,664","3,299"
2215,서귀포시,정방폭포,2019,8,"80,992","3,030"
2216,서귀포시,정방폭포,2019,9,"56,770","3,553"
2217,서귀포시,정방폭포,2019,10,"68,371","8,045"
2218,서귀포시,정방폭포,2019,11,"52,439","5,236"
2219,서귀포시,정방폭포,2019,12,"41,873","4,354"
2220,서귀포시,제주민속촌박물관,2015,1,0,0
2221,서귀포시,제주민속촌박물관,2015,2,0,0
2222,서귀포시,제주민속촌박물관,2015,3,0,0
2223,서귀포시,제주민속촌박물관,2015,4,0,0
2224,서귀포시,제주민속촌박물관,2015,5,0,0
2225,서귀포시,제주민속촌박물관,2015,6,0,0
2226,서귀포시,제주민속촌박물관,2015,7,0,0
2227,서귀포시,제주민속촌박물관,2015,8,0,0
2228,서귀포시,제주민속촌박물관,2015,9,0,0
2229,서귀포시,제주민속촌박물관,2015,10,0,0
2230,서귀포시,제주민속촌박물관,2015,11,0,0
2231,서귀포시,제주민속촌박물관,2015,12,0,0
2232,서귀포시,제주민속촌박물관,2016,1,0,0
2233,서귀포시,제주민속촌박물관,2016,2,0,0
2234,서귀포시,제주민속촌박물관,2016,3,0,0
2235,서귀포시,제주민속촌박물관,2016,4,0,0
2236,서귀포시,제주민속촌박물관,2016,5,0,0
2237,서귀포시,제주민속촌박물관,2016,6,0,0
2238,서귀포시,제주민속촌박물관,2016,7,0,0
2239,서귀포시,제주민속촌박물관,2016,8,0,0
2240,서귀포시,제주민속촌박물관,2016,9,0,0
2241,서귀포시,제주민속촌박물관,2016,10,0,0
2242,서귀포시,제주민속촌박물관,2016,11,0,0
2243,서귀포시,제주민속촌박물관,2016,12,0,0
2244,서귀포시,제주민속촌박물관,2017,1,0,0
2245,서귀포시,제주민속촌박물관,2017,2,0,0
2246,서귀포시,제주민속촌박물관,2017,3,0,0
2247,서귀포시,제주민속촌박물관,2017,4,0,0
2248,서귀포시,제주민속촌박물관,2017,5,0,0
2249,서귀포시,제주민속촌박물관,2017,6,0,0
2250,서귀포시,제주민속촌박물관,2017,7,0,0
2251,서귀포시,제주민속촌박물관,2017,8,0,0
2252,서귀포시,제주민속촌박물관,2017,9,0,0
2253,서귀포시,제주민속촌박물관,2017,10,0,0
2254,서귀포시,제주민속촌박물관,2017,11,0,0
2255,서귀포시,제주민속촌박물관,2017,12,0,0
2256,서귀포시,제주민속촌박물관,2018,1,0,0
2257,서귀포시,제주민속촌박물관,2018,2,0,0
2258,서귀포시,제주민속촌박물관,2018,3,0,0
2259,서귀포시,제주민속촌박물관,2018,4,0,0
2260,서귀포시,제주민속촌박물관,2018,5,0,0
2261,서귀포시,제주민속촌박물관,2018,6,0,0
2262,서귀포시,제주민속촌박물관,2018,7,0,0
2263,서귀포시,제주민속촌박물관,2018,8,0,0
2264,서귀포시,제주민속촌박물관,2018,9,0,0
2265,서귀포시,제주민속촌박물관,2018,10,0,0
2266,서귀포시,제주민속촌박물관,2018,11,0,0
2267,서귀포시,제주민속촌박물관,2018,12,0,0
2268,서귀포시,제주민속촌박물관,2019,1,0,0
2269,서귀포시,제주민속촌박물관,2019,2,0,0
2270,서귀포시,제주민속촌박물관,2019,3,0,0
2271,서귀포시,제주민속촌박물관,2019,4,0,0
2272,서귀포시,제주민속촌박물관,2019,5,0,0
2273,서귀포시,제주민속촌박물관,2019,6,0,0
2274,서귀포시,제주민속촌박물관,2019,7,0,0
2275,서귀포시,제주민속촌박물관,2019,8,0,0
2276,서귀포시,제주민속촌박물관,2019,9,0,0
2277,서귀포시,제주민속촌박물관,2019,10,0,0
2278,서귀포시,제주민속촌박물관,2019,11,0,0
2279,서귀포시,제주민속촌박물관,2019,12,0,0
2280,서귀포시,제주조각공원,2015,1,0,0
2281,서귀포시,제주조각공원,2015,2,0,0
2282,서귀포시,제주조각공원,2015,3,0,0
2283,서귀포시,제주조각공원,2015,4,0,0
2284,서귀포시,제주조각공원,2015,5,0,0
2285,서귀포시,제주조각공원,2015,6,0,0
2286,서귀포시,제주조각공원,2015,7,0,0
2287,서귀포시,제주조각공원,2015,8,0,0
2288,서귀포시,제주조각공원,2015,9,0,0
2289,서귀포시,제주조각공원,2015,10,0,0
2290,서귀포시,제주조각공원,2015,11,0,0
2291,서귀포시,제주조각공원,2015,12,0,0
2292,서귀포시,제주조각공원,2016,1,0,0
2293,서귀포시,제주조각공원,2016,2,0,0
2294,서귀포시,제주조각공원,2016,3,0,0
2295,서귀포시,제주조각공원,2016,4,0,0
2296,서귀포시,제주조각공원,2016,5,0,0
2297,서귀포시,제주조각공원,2016,6,0,0
2298,서귀포시,제주조각공원,2016,7,0,0
2299,서귀포시,제주조각공원,2016,8,0,0
2300,서귀포시,제주조각공원,2016,9,0,0
2301,서귀포시,제주조각공원,2016,10,0,0
2302,서귀포시,제주조각공원,2016,11,0,0
2303,서귀포시,제주조각공원,2016,12,0,0
2304,서귀포시,제주조각공원,2017,1,0,0
2305,서귀포시,제주조각공원,2017,2,0,0
2306,서귀포시,제주조각공원,2017,3,0,0
2307,서귀포시,제주조각공원,2017,4,0,0
2308,서귀포시,제주조각공원,2017,5,0,0
2309,서귀포시,제주조각공원,2017,6,0,0
2310,서귀포시,제주조각공원,2017,7,0,0
2311,서귀포시,제주조각공원,2017,8,0,0
2312,서귀포시,제주조각공원,2017,9,0,0
2313,서귀포시,제주조각공원,2017,10,0,0
2314,서귀포시,제주조각공원,2017,11,0,0
2315,서귀포시,제주조각공원,2017,12,0,0
2316,서귀포시,제주조각공원,2018,1,0,0
2317,서귀포시,제주조각공원,2018,2,0,0
2318,서귀포시,제주조각공원,2018,3,0,0
2319,서귀포시,제주조각공원,2018,4,0,0
2320,서귀포시,제주조각공원,2018,5,0,0
2321,서귀포시,제주조각공원,2018,6,0,0
2322,서귀포시,제주조각공원,2018,7,0,0
2323,서귀포시,제주조각공원,2018,8,0,0
2324,서귀포시,제주조각공원,2018,9,0,0
2325,서귀포시,제주조각공원,2018,10,0,0
2326,서귀포시,제주조각공원,2018,11,0,0
2327,서귀포시,제주조각공원,2018,12,0,0
2328,서귀포시,제주조각공원,2019,1,0,0
2329,서귀포시,제주조각공원,2019,2,0,0
2330,서귀포시,제주조각공원,2019,3,0,0
2331,서귀포시,제주조각공원,2019,4,0,0
2332,서귀포시,제주조각공원,2019,5,0,0
2333,서귀포시,제주조각공원,2019,6,0,0
2334,서귀포시,제주조각공원,2019,7,0,0
2335,서귀포시,제주조각공원,2019,8,0,0
2336,서귀포시,제주조각공원,2019,9,0,0
2337,서귀포시,제주조각공원,2019,10,0,0
2338,서귀포시,제주조각공원,2019,11,0,0
2339,서귀포시,제주조각공원,2019,12,0,0
2340,서귀포시,제주추사관,2015,1,"5,690",0
2341,서귀포시,제주추사관,2015,2,"4,666",0
2342,서귀포시,제주추사관,2015,3,"4,719",10
2343,서귀포시,제주추사관,2015,4,"7,264",0
2344,서귀포시,제주추사관,2015,5,"9,467",0
2345,서귀포시,제주추사관,2015,6,"4,364",0
2346,서귀포시,제주추사관,2015,7,"4,995",29
2347,서귀포시,제주추사관,2015,8,"5,816",4
2348,서귀포시,제주추사관,2015,9,"6,343",2
2349,서귀포시,제주추사관,2015,10,"10,655",35
2350,서귀포시,제주추사관,2015,11,"6,340",1
2351,서귀포시,제주추사관,2015,12,"5,999",71
2352,서귀포시,제주추사관,2016,1,"5,601",0
2353,서귀포시,제주추사관,2016,2,"6,411",4
2354,서귀포시,제주추사관,2016,3,"5,780",3
2355,서귀포시,제주추사관,2016,4,"8,488",3
2356,서귀포시,제주추사관,2016,5,"8,009",0
2357,서귀포시,제주추사관,2016,6,"4,959",27
2358,서귀포시,제주추사관,2016,7,"4,500",13
2359,서귀포시,제주추사관,2016,8,"3,818",2
2360,서귀포시,제주추사관,2016,9,"3,551",0
2361,서귀포시,제주추사관,2016,10,"7,077",15
2362,서귀포시,제주추사관,2016,11,"6,585",5
2363,서귀포시,제주추사관,2016,12,"4,455",3
2364,서귀포시,제주추사관,2017,1,"4,696",3
2365,서귀포시,제주추사관,2017,2,"4,069",3
2366,서귀포시,제주추사관,2017,3,"6,007",6
2367,서귀포시,제주추사관,2017,4,"7,928",2
2368,서귀포시,제주추사관,2017,5,"9,723",0
2369,서귀포시,제주추사관,2017,6,"4,487",5
2370,서귀포시,제주추사관,2017,7,"2,438",18
2371,서귀포시,제주추사관,2017,8,"1,405",0
2372,서귀포시,제주추사관,2017,9,"4,642",0
2373,서귀포시,제주추사관,2017,10,"6,825",2
2374,서귀포시,제주추사관,2017,11,"5,107",8
2375,서귀포시,제주추사관,2017,12,"14,131",2
2376,서귀포시,제주추사관,2018,1,"14,595",0
2377,서귀포시,제주추사관,2018,2,"8,457",3
2378,서귀포시,제주추사관,2018,3,"8,182",10
2379,서귀포시,제주추사관,2018,4,"10,981",32
2380,서귀포시,제주추사관,2018,5,"11,801",8
2381,서귀포시,제주추사관,2018,6,"9,001",30
2382,서귀포시,제주추사관,2018,7,"8,341",26
2383,서귀포시,제주추사관,2018,8,"9,005",5
2384,서귀포시,제주추사관,2018,9,"8,032",47
2385,서귀포시,제주추사관,2018,10,"9,980",10
2386,서귀포시,제주추사관,2018,11,"8,748",80
2387,서귀포시,제주추사관,2018,12,"7,309",12
2388,서귀포시,제주추사관,2019,1,"7,464",6
2389,서귀포시,제주추사관,2019,2,"6,167",12
2390,서귀포시,제주추사관,2019,3,"6,539",12
2391,서귀포시,제주추사관,2019,4,"9,616",64
2392,서귀포시,제주추사관,2019,5,"10,917",21
2393,서귀포시,제주추사관,2019,6,"6,819",0
2394,서귀포시,제주추사관,2019,7,"7,820",2
2395,서귀포시,제주추사관,2019,8,"4,698",12
2396,서귀포시,제주추사관,2019,9,"5,197",26
2397,서귀포시,제주추사관,2019,10,"8,248",63
2398,서귀포시,제주추사관,2019,11,"7,380",8
2399,서귀포시,제주추사관,2019,12,"5,311",12
2400,서귀포시,중문대포해안주상절리대,2015,1,"109,214","13,993"
2401,서귀포시,중문대포해안주상절리대,2015,2,"91,444","18,091"
2402,서귀포시,중문대포해안주상절리대,2015,3,"102,450","21,260"
2403,서귀포시,중문대포해안주상절리대,2015,4,"150,962","31,812"
2404,서귀포시,중문대포해안주상절리대,2015,5,"166,307","34,457"
2405,서귀포시,중문대포해안주상절리대,2015,6,"86,810","15,173"
2406,서귀포시,중문대포해안주상절리대,2015,7,"95,081","1,881"
2407,서귀포시,중문대포해안주상절리대,2015,8,"141,984","10,658"
2408,서귀포시,중문대포해안주상절리대,2015,9,"127,021","19,765"
2409,서귀포시,중문대포해안주상절리대,2015,10,"176,485","22,059"
2410,서귀포시,중문대포해안주상절리대,2015,11,"116,075","16,753"
2411,서귀포시,중문대포해안주상절리대,2015,12,"85,151","16,632"
2412,서귀포시,중문대포해안주상절리대,2016,1,"96,449","17,633"
2413,서귀포시,중문대포해안주상절리대,2016,2,"96,641","21,070"
2414,서귀포시,중문대포해안주상절리대,2016,3,"120,646","19,460"
2415,서귀포시,중문대포해안주상절리대,2016,4,"160,322","21,869"
2416,서귀포시,중문대포해안주상절리대,2016,5,"175,788","22,317"
2417,서귀포시,중문대포해안주상절리대,2016,6,"125,823","26,119"
2418,서귀포시,중문대포해안주상절리대,2016,7,"103,242","30,063"
2419,서귀포시,중문대포해안주상절리대,2016,8,"115,535","25,130"
2420,서귀포시,중문대포해안주상절리대,2016,9,"121,335","21,511"
2421,서귀포시,중문대포해안주상절리대,2016,10,"154,270","21,017"
2422,서귀포시,중문대포해안주상절리대,2016,11,"105,419","12,235"
2423,서귀포시,중문대포해안주상절리대,2016,12,"82,522","11,884"
2424,서귀포시,중문대포해안주상절리대,2017,1,"91,383","10,469"
2425,서귀포시,중문대포해안주상절리대,2017,2,"90,537","9,525"
2426,서귀포시,중문대포해안주상절리대,2017,3,"112,639","7,666"
2427,서귀포시,중문대포해안주상절리대,2017,4,"180,438","16,068"
2428,서귀포시,중문대포해안주상절리대,2017,5,"171,953","6,856"
2429,서귀포시,중문대포해안주상절리대,2017,6,"118,700","8,202"
2430,서귀포시,중문대포해안주상절리대,2017,7,"91,795","7,677"
2431,서귀포시,중문대포해안주상절리대,2017,8,"109,802","5,747"
2432,서귀포시,중문대포해안주상절리대,2017,9,"119,632","7,380"
2433,서귀포시,중문대포해안주상절리대,2017,10,"153,979","13,158"
2434,서귀포시,중문대포해안주상절리대,2017,11,"105,000","6,984"
2435,서귀포시,중문대포해안주상절리대,2017,12,"71,434","6,804"
2436,서귀포시,중문대포해안주상절리대,2018,1,"76,160","2,604"
2437,서귀포시,중문대포해안주상절리대,2018,2,"61,812","4,782"
2438,서귀포시,중문대포해안주상절리대,2018,3,"98,543","7,041"
2439,서귀포시,중문대포해안주상절리대,2018,4,"148,370","9,959"
2440,서귀포시,중문대포해안주상절리대,2018,5,"152,334","7,714"
2441,서귀포시,중문대포해안주상절리대,2018,6,"101,858","11,872"
2442,서귀포시,중문대포해안주상절리대,2018,7,"78,259","12,762"
2443,서귀포시,중문대포해안주상절리대,2018,8,"89,755","12,607"
2444,서귀포시,중문대포해안주상절리대,2018,9,"97,271","11,109"
2445,서귀포시,중문대포해안주상절리대,2018,10,"122,783","19,323"
2446,서귀포시,중문대포해안주상절리대,2018,11,"91,401","13,014"
2447,서귀포시,중문대포해안주상절리대,2018,12,"64,052","9,757"
2448,서귀포시,중문대포해안주상절리대,2019,1,"71,971","4,619"
2449,서귀포시,중문대포해안주상절리대,2019,2,"74,898","7,124"
2450,서귀포시,중문대포해안주상절리대,2019,3,"97,453","10,021"
2451,서귀포시,중문대포해안주상절리대,2019,4,"120,365","19,419"
2452,서귀포시,중문대포해안주상절리대,2019,5,"83,754","16,535"
2453,서귀포시,중문대포해안주상절리대,2019,6,"84,093","16,309"
2454,서귀포시,중문대포해안주상절리대,2019,7,"67,277","12,240"
2455,서귀포시,중문대포해안주상절리대,2019,8,"79,944","13,431"
2456,서귀포시,중문대포해안주상절리대,2019,9,"77,283","11,308"
2457,서귀포시,중문대포해안주상절리대,2019,10,"116,421","15,810"
2458,서귀포시,중문대포해안주상절리대,2019,11,"82,657","13,032"
2459,서귀포시,중문대포해안주상절리대,2019,12,"62,519","11,369"
2460,서귀포시,천제연폭포,2015,1,"44,000","10,095"
2461,서귀포시,천제연폭포,2015,2,"37,674","12,254"
2462,서귀포시,천제연폭포,2015,3,"44,723","13,909"
2463,서귀포시,천제연폭포,2015,4,"56,155","18,444"
2464,서귀포시,천제연폭포,2015,5,"69,010","19,272"
2465,서귀포시,천제연폭포,2015,6,"42,437","8,859"
2466,서귀포시,천제연폭포,2015,7,"52,785","3,651"
2467,서귀포시,천제연폭포,2015,8,"78,037","6,905"
2468,서귀포시,천제연폭포,2015,9,"53,508","9,852"
2469,서귀포시,천제연폭포,2015,10,"58,486","14,287"
2470,서귀포시,천제연폭포,2015,11,"47,419","8,125"
2471,서귀포시,천제연폭포,2015,12,"40,064","5,257"
2472,서귀포시,천제연폭포,2016,1,"42,516","3,957"
2473,서귀포시,천제연폭포,2016,2,"43,627","5,823"
2474,서귀포시,천제연폭포,2016,3,"54,656","6,167"
2475,서귀포시,천제연폭포,2016,4,"74,667","8,131"
2476,서귀포시,천제연폭포,2016,5,"74,277","8,793"
2477,서귀포시,천제연폭포,2016,6,"62,780","9,833"
2478,서귀포시,천제연폭포,2016,7,"61,889","13,492"
2479,서귀포시,천제연폭포,2016,8,"66,293","13,451"
2480,서귀포시,천제연폭포,2016,9,"55,310","9,140"
2481,서귀포시,천제연폭포,2016,10,"55,561","11,132"
2482,서귀포시,천제연폭포,2016,11,"38,317","6,519"
2483,서귀포시,천제연폭포,2016,12,"31,826","6,371"
2484,서귀포시,천제연폭포,2017,1,"37,582","3,735"
2485,서귀포시,천제연폭포,2017,2,"35,693","3,918"
2486,서귀포시,천제연폭포,2017,3,"43,403","4,150"
2487,서귀포시,천제연폭포,2017,4,"77,779","7,953"
2488,서귀포시,천제연폭포,2017,5,"60,057","5,150"
2489,서귀포시,천제연폭포,2017,6,"46,755","5,673"
2490,서귀포시,천제연폭포,2017,7,"46,839","5,649"
2491,서귀포시,천제연폭포,2017,8,"53,209","4,959"
2492,서귀포시,천제연폭포,2017,9,"44,455","4,775"
2493,서귀포시,천제연폭포,2017,10,"58,753","8,034"
2494,서귀포시,천제연폭포,2017,11,"34,580","3,887"
2495,서귀포시,천제연폭포,2017,12,"28,420","3,726"
2496,서귀포시,천제연폭포,2018,1,"33,481","1,246"
2497,서귀포시,천제연폭포,2018,2,"24,299","2,740"
2498,서귀포시,천제연폭포,2018,3,"40,191","6,666"
2499,서귀포시,천제연폭포,2018,4,"55,548","11,122"
2500,서귀포시,천제연폭포,2018,5,"53,361","9,106"
2501,서귀포시,천제연폭포,2018,6,"44,579","8,258"
2502,서귀포시,천제연폭포,2018,7,"42,148","6,116"
2503,서귀포시,천제연폭포,2018,8,"46,875","5,137"
2504,서귀포시,천제연폭포,2018,9,"43,513","5,098"
2505,서귀포시,천제연폭포,2018,10,"44,852","9,699"
2506,서귀포시,천제연폭포,2018,11,"32,751","7,334"
2507,서귀포시,천제연폭포,2018,12,"26,106","4,034"
2508,서귀포시,천제연폭포,2019,1,"29,511","3,174"
2509,서귀포시,천제연폭포,2019,2,"30,757","4,358"
2510,서귀포시,천제연폭포,2019,3,"35,753","6,109"
2511,서귀포시,천제연폭포,2019,4,"42,640","9,901"
2512,서귀포시,천제연폭포,2019,5,"39,903","8,796"
2513,서귀포시,천제연폭포,2019,6,"39,960","10,997"
2514,서귀포시,천제연폭포,2019,7,"40,746","8,233"
2515,서귀포시,천제연폭포,2019,8,"46,436","8,802"
2516,서귀포시,천제연폭포,2019,9,"36,249","7,021"
2517,서귀포시,천제연폭포,2019,10,"54,279","7,772"
2518,서귀포시,천제연폭포,2019,11,"37,257","5,958"
2519,서귀포시,천제연폭포,2019,12,"29,532","5,320"
2520,서귀포시,천지연폭포,2015,1,"96,180","8,568"
2521,서귀포시,천지연폭포,2015,2,"85,312","12,535"
2522,서귀포시,천지연폭포,2015,3,"111,544","18,240"
2523,서귀포시,천지연폭포,2015,4,"152,318","28,590"
2524,서귀포시,천지연폭포,2015,5,"181,615","27,659"
2525,서귀포시,천지연폭포,2015,6,"112,770","8,645"
2526,서귀포시,천지연폭포,2015,7,"144,713","3,132"
2527,서귀포시,천지연폭포,2015,8,"211,155","12,259"
2528,서귀포시,천지연폭포,2015,9,"146,175","17,280"
2529,서귀포시,천지연폭포,2015,10,"171,653","25,316"
2530,서귀포시,천지연폭포,2015,11,"118,848","13,957"
2531,서귀포시,천지연폭포,2015,12,"95,841","8,593"
2532,서귀포시,천지연폭포,2016,1,"104,226","7,759"
2533,서귀포시,천지연폭포,2016,2,"109,602","9,085"
2534,서귀포시,천지연폭포,2016,3,"125,539","12,184"
2535,서귀포시,천지연폭포,2016,4,"173,086","14,664"
2536,서귀포시,천지연폭포,2016,5,"212,293","15,740"
2537,서귀포시,천지연폭포,2016,6,"152,106","16,975"
2538,서귀포시,천지연폭포,2016,7,"155,875","22,985"
2539,서귀포시,천지연폭포,2016,8,"198,340","18,734"
2540,서귀포시,천지연폭포,2016,9,"169,224","16,047"
2541,서귀포시,천지연폭포,2016,10,"186,212","15,709"
2542,서귀포시,천지연폭포,2016,11,"132,133","9,232"
2543,서귀포시,천지연폭포,2016,12,"104,541","7,053"
2544,서귀포시,천지연폭포,2017,1,"119,070","4,361"
2545,서귀포시,천지연폭포,2017,2,"111,913","3,719"
2546,서귀포시,천지연폭포,2017,3,"128,155","4,258"
2547,서귀포시,천지연폭포,2017,4,"229,904","14,007"
2548,서귀포시,천지연폭포,2017,5,"194,773","4,709"
2549,서귀포시,천지연폭포,2017,6,"142,794","6,526"
2550,서귀포시,천지연폭포,2017,7,"134,115","5,658"
2551,서귀포시,천지연폭포,2017,8,"206,088","5,216"
2552,서귀포시,천지연폭포,2017,9,"106,716","6,368"
2553,서귀포시,천지연폭포,2017,10,"170,112","7,011"
2554,서귀포시,천지연폭포,2017,11,"114,576","3,853"
2555,서귀포시,천지연폭포,2017,12,"80,464","3,305"
2556,서귀포시,천지연폭포,2018,1,"84,552","1,497"
2557,서귀포시,천지연폭포,2018,2,"66,890","2,426"
2558,서귀포시,천지연폭포,2018,3,"102,186","5,320"
2559,서귀포시,천지연폭포,2018,4,"143,211","7,367"
2560,서귀포시,천지연폭포,2018,5,"149,263","7,495"
2561,서귀포시,천지연폭포,2018,6,"119,865","7,788"
2562,서귀포시,천지연폭포,2018,7,"112,984","5,472"
2563,서귀포시,천지연폭포,2018,8,"134,629","4,035"
2564,서귀포시,천지연폭포,2018,9,"118,304","4,734"
2565,서귀포시,천지연폭포,2018,10,"128,107","8,241"
2566,서귀포시,천지연폭포,2018,11,"97,378","6,347"
2567,서귀포시,천지연폭포,2018,12,"73,733","3,118"
2568,서귀포시,천지연폭포,2019,1,"78,130","1,160"
2569,서귀포시,천지연폭포,2019,2,"84,134","1,885"
2570,서귀포시,천지연폭포,2019,3,"97,577","3,682"
2571,서귀포시,천지연폭포,2019,4,"122,057","6,816"
2572,서귀포시,천지연폭포,2019,5,"137,561","4,893"
2573,서귀포시,천지연폭포,2019,6,"105,544","8,030"
2574,서귀포시,천지연폭포,2019,7,"102,300","4,709"
2575,서귀포시,천지연폭포,2019,8,"129,875","4,632"
2576,서귀포시,천지연폭포,2019,9,"95,617","5,165"
2577,서귀포시,천지연폭포,2019,10,"134,062","6,853"
2578,서귀포시,천지연폭포,2019,11,"103,515","5,094"
2579,서귀포시,천지연폭포,2019,12,"75,525","4,729"
2580,서귀포시,카멜리아힐,2015,1,0,0
2581,서귀포시,카멜리아힐,2015,2,0,0
2582,서귀포시,카멜리아힐,2015,3,0,0
2583,서귀포시,카멜리아힐,2015,4,0,0
2584,서귀포시,카멜리아힐,2015,5,0,0
2585,서귀포시,카멜리아힐,2015,6,0,0
2586,서귀포시,카멜리아힐,2015,7,0,0
2587,서귀포시,카멜리아힐,2015,8,0,0
2588,서귀포시,카멜리아힐,2015,9,0,0
2589,서귀포시,카멜리아힐,2015,10,0,0
2590,서귀포시,카멜리아힐,2015,11,0,0
2591,서귀포시,카멜리아힐,2015,12,0,0
2592,서귀포시,카멜리아힐,2016,1,0,0
2593,서귀포시,카멜리아힐,2016,2,0,0
2594,서귀포시,카멜리아힐,2016,3,0,0
2595,서귀포시,카멜리아힐,2016,4,0,0
2596,서귀포시,카멜리아힐,2016,5,0,0
2597,서귀포시,카멜리아힐,2016,6,0,0
2598,서귀포시,카멜리아힐,2016,7,0,0
2599,서귀포시,카멜리아힐,2016,8,0,0
2600,서귀포시,카멜리아힐,2016,9,0,0
2601,서귀포시,카멜리아힐,2016,10,0,0
2602,서귀포시,카멜리아힐,2016,11,0,0
2603,서귀포시,카멜리아힐,2016,12,0,0
2604,서귀포시,카멜리아힐,2017,1,0,0
2605,서귀포시,카멜리아힐,2017,2,0,0
2606,서귀포시,카멜리아힐,2017,3,0,0
2607,서귀포시,카멜리아힐,2017,4,0,0
2608,서귀포시,카멜리아힐,2017,5,0,0
2609,서귀포시,카멜리아힐,2017,6,0,0
2610,서귀포시,카멜리아힐,2017,7,0,0
2611,서귀포시,카멜리아힐,2017,8,0,0
2612,서귀포시,카멜리아힐,2017,9,0,0
2613,서귀포시,카멜리아힐,2017,10,0,0
2614,서귀포시,카멜리아힐,2017,11,0,0
2615,서귀포시,카멜리아힐,2017,12,0,0
2616,서귀포시,카멜리아힐,2018,1,"48,130",110
2617,서귀포시,카멜리아힐,2018,2,"33,846",121
2618,서귀포시,카멜리아힐,2018,3,"28,721",151
2619,서귀포시,카멜리아힐,2018,4,"64,859","1,408"
2620,서귀포시,카멜리아힐,2018,5,"58,659",989
2621,서귀포시,카멜리아힐,2018,6,"66,192","1,366"
2622,서귀포시,카멜리아힐,2018,7,"57,249","1,771"
2623,서귀포시,카멜리아힐,2018,8,"32,065",992
2624,서귀포시,카멜리아힐,2018,9,"39,917","1,235"
2625,서귀포시,카멜리아힐,2018,10,"21,408","1,862"
2626,서귀포시,카멜리아힐,2018,11,"29,373","2,554"
2627,서귀포시,카멜리아힐,2018,12,"38,887","3,382"
2628,서귀포시,카멜리아힐,2019,1,"67,588","2,945"
2629,서귀포시,카멜리아힐,2019,2,"54,800","3,911"
2630,서귀포시,카멜리아힐,2019,3,"55,733","2,474"
2631,서귀포시,카멜리아힐,2019,4,"59,874","3,631"
2632,서귀포시,카멜리아힐,2019,5,"54,261","4,097"
2633,서귀포시,카멜리아힐,2019,6,"60,612","4,654"
2634,서귀포시,카멜리아힐,2019,7,"52,622","6,112"
2635,서귀포시,카멜리아힐,2019,8,"29,126","3,759"
2636,서귀포시,카멜리아힐,2019,9,"37,655","4,380"
2637,서귀포시,카멜리아힐,2019,10,"38,799","15,120"
2638,서귀포시,카멜리아힐,2019,11,"43,885","21,522"
2639,서귀포시,카멜리아힐,2019,12,"64,255","26,897"
2640,서귀포시,테디베어뮤지엄,2015,1,0,0
2641,서귀포시,테디베어뮤지엄,2015,2,0,0
2642,서귀포시,테디베어뮤지엄,2015,3,0,0
2643,서귀포시,테디베어뮤지엄,2015,4,0,0
2644,서귀포시,테디베어뮤지엄,2015,5,0,0
2645,서귀포시,테디베어뮤지엄,2015,6,0,0
2646,서귀포시,테디베어뮤지엄,2015,7,0,0
2647,서귀포시,테디베어뮤지엄,2015,8,0,0
2648,서귀포시,테디베어뮤지엄,2015,9,0,0
2649,서귀포시,테디베어뮤지엄,2015,10,0,0
2650,서귀포시,테디베어뮤지엄,2015,11,0,0
2651,서귀포시,테디베어뮤지엄,2015,12,0,0
2652,서귀포시,테디베어뮤지엄,2016,1,0,0
2653,서귀포시,테디베어뮤지엄,2016,2,0,0
2654,서귀포시,테디베어뮤지엄,2016,3,0,0
2655,서귀포시,테디베어뮤지엄,2016,4,0,0
2656,서귀포시,테디베어뮤지엄,2016,5,0,0
2657,서귀포시,테디베어뮤지엄,2016,6,0,0
2658,서귀포시,테디베어뮤지엄,2016,7,0,0
2659,서귀포시,테디베어뮤지엄,2016,8,0,0
2660,서귀포시,테디베어뮤지엄,2016,9,0,0
2661,서귀포시,테디베어뮤지엄,2016,10,0,0
2662,서귀포시,테디베어뮤지엄,2016,11,0,0
2663,서귀포시,테디베어뮤지엄,2016,12,0,0
2664,서귀포시,테디베어뮤지엄,2017,1,0,0
2665,서귀포시,테디베어뮤지엄,2017,2,0,0
2666,서귀포시,테디베어뮤지엄,2017,3,0,0
2667,서귀포시,테디베어뮤지엄,2017,4,0,0
2668,서귀포시,테디베어뮤지엄,2017,5,0,0
2669,서귀포시,테디베어뮤지엄,2017,6,0,0
2670,서귀포시,테디베어뮤지엄,2017,7,0,0
2671,서귀포시,테디베어뮤지엄,2017,8,0,0
2672,서귀포시,테디베어뮤지엄,2017,9,0,0
2673,서귀포시,테디베어뮤지엄,2017,10,0,0
2674,서귀포시,테디베어뮤지엄,2017,11,0,0
2675,서귀포시,테디베어뮤지엄,2017,12,0,0
2676,서귀포시,테디베어뮤지엄,2018,1,0,0
2677,서귀포시,테디베어뮤지엄,2018,2,0,0
2678,서귀포시,테디베어뮤지엄,2018,3,0,0
2679,서귀포시,테디베어뮤지엄,2018,4,0,0
2680,서귀포시,테디베어뮤지엄,2018,5,0,0
2681,서귀포시,테디베어뮤지엄,2018,6,0,0
2682,서귀포시,테디베어뮤지엄,2018,7,0,0
2683,서귀포시,테디베어뮤지엄,2018,8,0,0
2684,서귀포시,테디베어뮤지엄,2018,9,0,0
2685,서귀포시,테디베어뮤지엄,2018,10,0,0
2686,서귀포시,테디베어뮤지엄,2018,11,0,0
2687,서귀포시,테디베어뮤지엄,2018,12,0,0
2688,서귀포시,테디베어뮤지엄,2019,1,0,0
2689,서귀포시,테디베어뮤지엄,2019,2,0,0
2690,서귀포시,테디베어뮤지엄,2019,3,0,0
2691,서귀포시,테디베어뮤지엄,2019,4,0,0
2692,서귀포시,테디베어뮤지엄,2019,5,0,0
2693,서귀포시,테디베어뮤지엄,2019,6,0,0
2694,서귀포시,테디베어뮤지엄,2019,7,0,0
2695,서귀포시,테디베어뮤지엄,2019,8,0,0
2696,서귀포시,테디베어뮤지엄,2019,9,0,0
2697,서귀포시,테디베어뮤지엄,2019,10,0,0
2698,서귀포시,테디베어뮤지엄,2019,11,0,0
2699,서귀포시,테디베어뮤지엄,2019,12,0,0
2700,서귀포시,퍼시픽랜드,2015,1,0,0
2701,서귀포시,퍼시픽랜드,2015,2,0,0
2702,서귀포시,퍼시픽랜드,2015,3,0,0
2703,서귀포시,퍼시픽랜드,2015,4,0,0
2704,서귀포시,퍼시픽랜드,2015,5,0,0
2705,서귀포시,퍼시픽랜드,2015,6,0,0
2706,서귀포시,퍼시픽랜드,2015,7,0,0
2707,서귀포시,퍼시픽랜드,2015,8,0,0
2708,서귀포시,퍼시픽랜드,2015,9,0,0
2709,서귀포시,퍼시픽랜드,2015,10,0,0
2710,서귀포시,퍼시픽랜드,2015,11,0,0
2711,서귀포시,퍼시픽랜드,2015,12,0,0
2712,서귀포시,퍼시픽랜드,2016,1,0,0
2713,서귀포시,퍼시픽랜드,2016,2,0,0
2714,서귀포시,퍼시픽랜드,2016,3,0,0
2715,서귀포시,퍼시픽랜드,2016,4,0,0
2716,서귀포시,퍼시픽랜드,2016,5,0,0
2717,서귀포시,퍼시픽랜드,2016,6,0,0
2718,서귀포시,퍼시픽랜드,2016,7,0,0
2719,서귀포시,퍼시픽랜드,2016,8,0,0
2720,서귀포시,퍼시픽랜드,2016,9,0,0
2721,서귀포시,퍼시픽랜드,2016,10,0,0
2722,서귀포시,퍼시픽랜드,2016,11,0,0
2723,서귀포시,퍼시픽랜드,2016,12,0,0
2724,서귀포시,퍼시픽랜드,2017,1,0,0
2725,서귀포시,퍼시픽랜드,2017,2,0,0
2726,서귀포시,퍼시픽랜드,2017,3,0,0
2727,서귀포시,퍼시픽랜드,2017,4,0,0
2728,서귀포시,퍼시픽랜드,2017,5,0,0
2729,서귀포시,퍼시픽랜드,2017,6,0,0
2730,서귀포시,퍼시픽랜드,2017,7,0,0
2731,서귀포시,퍼시픽랜드,2017,8,0,0
2732,서귀포시,퍼시픽랜드,2017,9,0,0
2733,서귀포시,퍼시픽랜드,2017,10,0,0
2734,서귀포시,퍼시픽랜드,2017,11,0,0
2735,서귀포시,퍼시픽랜드,2017,12,0,0
2736,서귀포시,퍼시픽랜드,2018,1,0,0
2737,서귀포시,퍼시픽랜드,2018,2,0,0
2738,서귀포시,퍼시픽랜드,2018,3,0,0
2739,서귀포시,퍼시픽랜드,2018,4,0,0
2740,서귀포시,퍼시픽랜드,2018,5,0,0
2741,서귀포시,퍼시픽랜드,2018,6,0,0
2742,서귀포시,퍼시픽랜드,2018,7,0,0
2743,서귀포시,퍼시픽랜드,2018,8,0,0
2744,서귀포시,퍼시픽랜드,2018,9,0,0
2745,서귀포시,퍼시픽랜드,2018,10,0,0
2746,서귀포시,퍼시픽랜드,2018,11,0,0
2747,서귀포시,퍼시픽랜드,2018,12,0,0
2748,서귀포시,퍼시픽랜드,2019,1,"44,161",0
2749,서귀포시,퍼시픽랜드,2019,2,"49,058",0
2750,서귀포시,퍼시픽랜드,2019,3,"46,542",0
2751,서귀포시,퍼시픽랜드,2019,4,"65,376",0
2752,서귀포시,퍼시픽랜드,2019,5,"89,972",0
2753,서귀포시,퍼시픽랜드,2019,6,"68,582",0
2754,서귀포시,퍼시픽랜드,2019,7,"85,233",0
2755,서귀포시,퍼시픽랜드,2019,8,"107,678",0
2756,서귀포시,퍼시픽랜드,2019,9,"70,687",0
2757,서귀포시,퍼시픽랜드,2019,10,0,0
2758,서귀포시,퍼시픽랜드,2019,11,0,0
2759,서귀포시,퍼시픽랜드,2019,12,0,0
2760,서귀포시,한화아쿠아플라넷제주,2015,1,"91,058","1,961"
2761,서귀포시,한화아쿠아플라넷제주,2015,2,"82,064","4,280"
2762,서귀포시,한화아쿠아플라넷제주,2015,3,"74,649","2,745"
2763,서귀포시,한화아쿠아플라넷제주,2015,4,"106,946","4,757"
2764,서귀포시,한화아쿠아플라넷제주,2015,5,"111,214","3,909"
2765,서귀포시,한화아쿠아플라넷제주,2015,6,"76,856","4,621"
2766,서귀포시,한화아쿠아플라넷제주,2015,7,"107,994","1,214"
2767,서귀포시,한화아쿠아플라넷제주,2015,8,"154,232","3,594"
2768,서귀포시,한화아쿠아플라넷제주,2015,9,"105,583","5,086"
2769,서귀포시,한화아쿠아플라넷제주,2015,10,"111,829","10,096"
2770,서귀포시,한화아쿠아플라넷제주,2015,11,"83,645","8,686"
2771,서귀포시,한화아쿠아플라넷제주,2015,12,"72,122","9,476"
2772,서귀포시,한화아쿠아플라넷제주,2016,1,"84,301","7,791"
2773,서귀포시,한화아쿠아플라넷제주,2016,2,"84,427","12,500"
2774,서귀포시,한화아쿠아플라넷제주,2016,3,"61,839","14,905"
2775,서귀포시,한화아쿠아플라넷제주,2016,4,"92,438","19,109"
2776,서귀포시,한화아쿠아플라넷제주,2016,5,"98,573","19,032"
2777,서귀포시,한화아쿠아플라넷제주,2016,6,"100,329","19,459"
2778,서귀포시,한화아쿠아플라넷제주,2016,7,"116,726","41,127"
2779,서귀포시,한화아쿠아플라넷제주,2016,8,"147,189","37,744"
2780,서귀포시,한화아쿠아플라넷제주,2016,9,"120,178","14,887"
2781,서귀포시,한화아쿠아플라넷제주,2016,10,"119,861","18,259"
2782,서귀포시,한화아쿠아플라넷제주,2016,11,"80,957","8,636"
2783,서귀포시,한화아쿠아플라넷제주,2016,12,"88,060","8,488"
2784,서귀포시,한화아쿠아플라넷제주,2017,1,"95,217","9,192"
2785,서귀포시,한화아쿠아플라넷제주,2017,2,"83,940","7,507"
2786,서귀포시,한화아쿠아플라넷제주,2017,3,"74,580","2,595"
2787,서귀포시,한화아쿠아플라넷제주,2017,4,"102,014","1,923"
2788,서귀포시,한화아쿠아플라넷제주,2017,5,"111,476","3,354"
2789,서귀포시,한화아쿠아플라넷제주,2017,6,"97,249","2,007"
2790,서귀포시,한화아쿠아플라넷제주,2017,7,"106,545","2,759"
2791,서귀포시,한화아쿠아플라넷제주,2017,8,"141,945","3,383"
2792,서귀포시,한화아쿠아플라넷제주,2017,9,"107,460","2,366"
2793,서귀포시,한화아쿠아플라넷제주,2017,10,"119,762","2,894"
2794,서귀포시,한화아쿠아플라넷제주,2017,11,"69,801","1,248"
2795,서귀포시,한화아쿠아플라넷제주,2017,12,"74,779","6,239"
2796,서귀포시,한화아쿠아플라넷제주,2018,1,"84,915","4,115"
2797,서귀포시,한화아쿠아플라넷제주,2018,2,"79,901","4,630"
2798,서귀포시,한화아쿠아플라넷제주,2018,3,"64,847","3,831"
2799,서귀포시,한화아쿠아플라넷제주,2018,4,"91,670","4,686"
2800,서귀포시,한화아쿠아플라넷제주,2018,5,"98,015","5,468"
2801,서귀포시,한화아쿠아플라넷제주,2018,6,"74,242","3,947"
2802,서귀포시,한화아쿠아플라넷제주,2018,7,"82,812","6,580"
2803,서귀포시,한화아쿠아플라넷제주,2018,8,"106,333","8,361"
2804,서귀포시,한화아쿠아플라넷제주,2018,9,"83,719","4,353"
2805,서귀포시,한화아쿠아플라넷제주,2018,10,"69,897","4,639"
2806,서귀포시,한화아쿠아플라넷제주,2018,11,"47,800","2,350"
2807,서귀포시,한화아쿠아플라넷제주,2018,12,"53,088","5,359"
2808,서귀포시,한화아쿠아플라넷제주,2019,1,"54,685","4,916"
2809,서귀포시,한화아쿠아플라넷제주,2019,2,"58,945","5,728"
2810,서귀포시,한화아쿠아플라넷제주,2019,3,"52,792","2,747"
2811,서귀포시,한화아쿠아플라넷제주,2019,4,"62,200","4,211"
2812,서귀포시,한화아쿠아플라넷제주,2019,5,"74,936","4,599"
2813,서귀포시,한화아쿠아플라넷제주,2019,6,"69,341","3,920"
2814,서귀포시,한화아쿠아플라넷제주,2019,7,"97,350","9,960"
2815,서귀포시,한화아쿠아플라넷제주,2019,8,"103,003","13,794"
2816,서귀포시,한화아쿠아플라넷제주,2019,9,"69,541","7,212"
2817,서귀포시,한화아쿠아플라넷제주,2019,10,"75,118","7,782"
2818,서귀포시,한화아쿠아플라넷제주,2019,11,"49,534","5,218"
2819,서귀포시,한화아쿠아플라넷제주,2019,12,"60,363","5,792"
